"STATION","NAME","LATITUDE","LONGITUDE","ELEVATION","DATE","PRCP","TAVG","TMAX","TMIN"
"KSM00047108","SEOUL CITY, KS","37.567","126.967","87.0","2016-01-01",,"37","39","26"
"KSM00047108","SEOUL CITY, KS","37.567","126.967","87.0","2016-01-02",,"44","49","34"
"KSM00047108","SEOUL CITY, KS","37.567","126.967","87.0","2016-01-03",,"43","49",
"KSM00047108","SEOUL CITY, KS","37.567","126.967","87.0","2016-01-04",,"32","42",
"KSM00047108","SEOUL CITY, KS","37.567","126.967","87.0","2016-01-05",,"27","35","23"
"KSM00047108","SEOUL CITY, KS","37.567","126.967","87.0","2016-01-06",,"29","35",
"KSM00047108","SEOUL CITY, KS","37.567","126.967","87.0","2016-01-07",,"25","35",
"KSM00047108","SEOUL CITY, KS","37.567","126.967","87.0","2016-01-08",,"27","34","20"
"KSM00047108","SEOUL CITY, KS","37.567","126.967","87.0","2016-01-09",,"31","36","21"
"KSM00047108","SEOUL CITY, KS","37.567","126.967","87.0","2016-01-10",,"30","39",
"KSM00047108","SEOUL CITY, KS","37.567","126.967","87.0","2016-01-11",,"24","34",
"KSM00047108","SEOUL CITY, KS","37.567","126.967","87.0","2016-01-12",,"23","33","16"
"KSM00047108","SEOUL CITY, KS","37.567","126.967","87.0","2016-01-13",,"24","32","17"
"KSM00047108","SEOUL CITY, KS","37.567","126.967","87.0","2016-01-14","0.00","28","34","17"
"KSM00047108","SEOUL CITY, KS","37.567","126.967","87.0","2016-01-15",,"32","42","24"
"KSM00047108","SEOUL CITY, KS","37.567","126.967","87.0","2016-01-16",,"32","37","28"
"KSM00047108","SEOUL CITY, KS","37.567","126.967","87.0","2016-01-17",,"35","42",
"KSM00047108","SEOUL CITY, KS","37.567","126.967","87.0","2016-01-18","0.01","14","33",
"KSM00047108","SEOUL CITY, KS","37.567","126.967","87.0","2016-01-19",,"9","16","5"
"KSM00047108","SEOUL CITY, KS","37.567","126.967","87.0","2016-01-20",,"15","23","6"
"KSM00047108","SEOUL CITY, KS","37.567","126.967","87.0","2016-01-21",,"19","28",
"KSM00047108","SEOUL CITY, KS","37.567","126.967","87.0","2016-01-22",,"19","25","12"
"KSM00047108","SEOUL CITY, KS","37.567","126.967","87.0","2016-01-23",,"8","17",
"KSM00047108","SEOUL CITY, KS","37.567","126.967","87.0","2016-01-24",,"7",,"0"
"KSM00047108","SEOUL CITY, KS","37.567","126.967","87.0","2016-01-25",,"18","26","6"
"KSM00047108","SEOUL CITY, KS","37.567","126.967","87.0","2016-01-26","0.01","28","35","17"
"KSM00047108","SEOUL CITY, KS","37.567","126.967","87.0","2016-01-27",,"29","40",
"KSM00047108","SEOUL CITY, KS","37.567","126.967","87.0","2016-01-28",,"33","38","22"
"KSM00047108","SEOUL CITY, KS","37.567","126.967","87.0","2016-01-29",,"35","42",
"KSM00047108","SEOUL CITY, KS","37.567","126.967","87.0","2016-01-30",,"31","41",
"KSM00047108","SEOUL CITY, KS","37.567","126.967","87.0","2016-01-31",,"23","33",
"KSM00047108","SEOUL CITY, KS","37.567","126.967","87.0","2016-02-01",,"21","30","16"
"KSM00047108","SEOUL CITY, KS","37.567","126.967","87.0","2016-02-02",,"23","34","14"
"KSM00047108","SEOUL CITY, KS","37.567","126.967","87.0","2016-02-03",,"30","39","17"
"KSM00047108","SEOUL CITY, KS","37.567","126.967","87.0","2016-02-04",,"29","39",
"KSM00047108","SEOUL CITY, KS","37.567","126.967","87.0","2016-02-05",,"28","38","20"
"KSM00047108","SEOUL CITY, KS","37.567","126.967","87.0","2016-02-06",,"26","36",
"KSM00047108","SEOUL CITY, KS","37.567","126.967","87.0","2016-02-07",,"29","38","17"
"KSM00047108","SEOUL CITY, KS","37.567","126.967","87.0","2016-02-08",,"35","42","24"
"KSM00047108","SEOUL CITY, KS","37.567","126.967","87.0","2016-02-09",,"32","42","25"
"KSM00047108","SEOUL CITY, KS","37.567","126.967","87.0","2016-02-10",,"39","51","24"
"KSM00047108","SEOUL CITY, KS","37.567","126.967","87.0","2016-02-11",,"49","56","35"
"KSM00047108","SEOUL CITY, KS","37.567","126.967","87.0","2016-02-12","0.71","48",,"44"
"KSM00047108","SEOUL CITY, KS","37.567","126.967","87.0","2016-02-13","0.87","48","58",
"KSM00047108","SEOUL CITY, KS","37.567","126.967","87.0","2016-02-14","0.12","23","42",
"KSM00047108","SEOUL CITY, KS","37.567","126.967","87.0","2016-02-15","0.00","22","28","14"
"KSM00047108","SEOUL CITY, KS","37.567","126.967","87.0","2016-02-16","0.03","28","34","20"
"KSM00047108","SEOUL CITY, KS","37.567","126.967","87.0","2016-02-17",,"34","42","23"
"KSM00047108","SEOUL CITY, KS","37.567","126.967","87.0","2016-02-18",,"40","46","29"
"KSM00047108","SEOUL CITY, KS","37.567","126.967","87.0","2016-02-19",,"35","40",
"KSM00047108","SEOUL CITY, KS","37.567","126.967","87.0","2016-02-20",,"33","43",
"KSM00047108","SEOUL CITY, KS","37.567","126.967","87.0","2016-02-21",,"32","40","24"
"KSM00047108","SEOUL CITY, KS","37.567","126.967","87.0","2016-02-22",,"35","40","28"
"KSM00047108","SEOUL CITY, KS","37.567","126.967","87.0","2016-02-23","0.04","30","40",
"KSM00047108","SEOUL CITY, KS","37.567","126.967","87.0","2016-02-24",,"27","36","20"
"KSM00047108","SEOUL CITY, KS","37.567","126.967","87.0","2016-02-25",,"33","42","22"
"KSM00047108","SEOUL CITY, KS","37.567","126.967","87.0","2016-02-26",,"38","45","26"
"KSM00047108","SEOUL CITY, KS","37.567","126.967","87.0","2016-02-27","0.01","38","47","33"
"KSM00047108","SEOUL CITY, KS","37.567","126.967","87.0","2016-02-28","0.16","31","44",
"KSM00047108","SEOUL CITY, KS","37.567","126.967","87.0","2016-02-29","0.00","24","30",
"KSM00047108","SEOUL CITY, KS","37.567","126.967","87.0","2016-03-01",,"30","36","18"
"KSM00047108","SEOUL CITY, KS","37.567","126.967","87.0","2016-03-02",,"40","47","28"
"KSM00047108","SEOUL CITY, KS","37.567","126.967","87.0","2016-03-03",,"48","57","40"
"KSM00047108","SEOUL CITY, KS","37.567","126.967","87.0","2016-03-04",,"58","69","44"
"KSM00047108","SEOUL CITY, KS","37.567","126.967","87.0","2016-03-05","1.57","50","56",
"KSM00047108","SEOUL CITY, KS","37.567","126.967","87.0","2016-03-06","0.01","46","55","40"
"KSM00047108","SEOUL CITY, KS","37.567","126.967","87.0","2016-03-07","0.00","46","54",
"KSM00047108","SEOUL CITY, KS","37.567","126.967","87.0","2016-03-08",,"34","45",
"KSM00047108","SEOUL CITY, KS","37.567","126.967","87.0","2016-03-09",,"32","42",
"KSM00047108","SEOUL CITY, KS","37.567","126.967","87.0","2016-03-10",,"29","38",
"KSM00047108","SEOUL CITY, KS","37.567","126.967","87.0","2016-03-11",,"32","40","22"
"KSM00047108","SEOUL CITY, KS","37.567","126.967","87.0","2016-03-12",,"38","44","26"
"KSM00047108","SEOUL CITY, KS","37.567","126.967","87.0","2016-03-13","0.00","38","44",
"KSM00047108","SEOUL CITY, KS","37.567","126.967","87.0","2016-03-14",,"40","49",
"KSM00047108","SEOUL CITY, KS","37.567","126.967","87.0","2016-03-15",,"43","54","30"
"KSM00047108","SEOUL CITY, KS","37.567","126.967","87.0","2016-03-16",,"45","57",
"KSM00047108","SEOUL CITY, KS","37.567","126.967","87.0","2016-03-17",,"51","58","36"
"KSM00047108","SEOUL CITY, KS","37.567","126.967","87.0","2016-03-18",,"56","68",
"KSM00047108","SEOUL CITY, KS","37.567","126.967","87.0","2016-03-19",,"52","65",
"KSM00047108","SEOUL CITY, KS","37.567","126.967","87.0","2016-03-20",,"51","63","41"
"KSM00047108","SEOUL CITY, KS","37.567","126.967","87.0","2016-03-21",,"49","61",
"KSM00047108","SEOUL CITY, KS","37.567","126.967","87.0","2016-03-22",,"47","57","38"
"KSM00047108","SEOUL CITY, KS","37.567","126.967","87.0","2016-03-23",,"43",,
"KSM00047108","SEOUL CITY, KS","37.567","126.967","87.0","2016-03-24",,"45","55","35"
"KSM00047108","SEOUL CITY, KS","37.567","126.967","87.0","2016-03-25",,"45","55","36"
"KSM00047108","SEOUL CITY, KS","37.567","126.967","87.0","2016-03-26",,"44","55","36"
"KSM00047108","SEOUL CITY, KS","37.567","126.967","87.0","2016-03-27",,"45","56","36"
"KSM00047108","SEOUL CITY, KS","37.567","126.967","87.0","2016-03-28",,"52","63","36"
"KSM00047108","SEOUL CITY, KS","37.567","126.967","87.0","2016-03-29",,"52","63",
"KSM00047108","SEOUL CITY, KS","37.567","126.967","87.0","2016-03-30",,"52",,
"KSM00047108","SEOUL CITY, KS","37.567","126.967","87.0","2016-03-31",,"57","71","43"
"KSM00047108","SEOUL CITY, KS","37.567","126.967","87.0","2016-04-01",,"60",,"45"
"KSM00047108","SEOUL CITY, KS","37.567","126.967","87.0","2016-04-02",,"59","71","49"
"KSM00047108","SEOUL CITY, KS","37.567","126.967","87.0","2016-04-03","0.08","49","55",
"KSM00047108","SEOUL CITY, KS","37.567","126.967","87.0","2016-04-04",,"55","68","41"
"KSM00047108","SEOUL CITY, KS","37.567","126.967","87.0","2016-04-05",,"53","65","43"
"KSM00047108","SEOUL CITY, KS","37.567","126.967","87.0","2016-04-06",,"59","73","44"
"KSM00047108","SEOUL CITY, KS","37.567","126.967","87.0","2016-04-07","0.43","57","69",
"KSM00047108","SEOUL CITY, KS","37.567","126.967","87.0","2016-04-08",,"51","66",
"KSM00047108","SEOUL CITY, KS","37.567","126.967","87.0","2016-04-09",,"53","57","45"
"KSM00047108","SEOUL CITY, KS","37.567","126.967","87.0","2016-04-10",,"54","69",
"KSM00047108","SEOUL CITY, KS","37.567","126.967","87.0","2016-04-11",,"57","67","42"
"KSM00047108","SEOUL CITY, KS","37.567","126.967","87.0","2016-04-12",,"58","67","51"
"KSM00047108","SEOUL CITY, KS","37.567","126.967","87.0","2016-04-13","0.04","59","71",
"KSM00047108","SEOUL CITY, KS","37.567","126.967","87.0","2016-04-14",,"53","65",
"KSM00047108","SEOUL CITY, KS","37.567","126.967","87.0","2016-04-15",,"60","74","47"
"KSM00047108","SEOUL CITY, KS","37.567","126.967","87.0","2016-04-16",,"59","69","50"
"KSM00047108","SEOUL CITY, KS","37.567","126.967","87.0","2016-04-17","1.18","49","58",
"KSM00047108","SEOUL CITY, KS","37.567","126.967","87.0","2016-04-18","0.08","52","65",
"KSM00047108","SEOUL CITY, KS","37.567","126.967","87.0","2016-04-19",,"55","67","44"
"KSM00047108","SEOUL CITY, KS","37.567","126.967","87.0","2016-04-20",,"58","70","50"
"KSM00047108","SEOUL CITY, KS","37.567","126.967","87.0","2016-04-21","0.67","57","62","51"
"KSM00047108","SEOUL CITY, KS","37.567","126.967","87.0","2016-04-22","0.00","54","65",
"KSM00047108","SEOUL CITY, KS","37.567","126.967","87.0","2016-04-23",,"56","68","46"
"KSM00047108","SEOUL CITY, KS","37.567","126.967","87.0","2016-04-24",,"61","75","47"
"KSM00047108","SEOUL CITY, KS","37.567","126.967","87.0","2016-04-25",,"64","78","50"
"KSM00047108","SEOUL CITY, KS","37.567","126.967","87.0","2016-04-26",,"71","85","54"
"KSM00047108","SEOUL CITY, KS","37.567","126.967","87.0","2016-04-27",,"61","69",
"KSM00047108","SEOUL CITY, KS","37.567","126.967","87.0","2016-04-28",,"63","73",
"KSM00047108","SEOUL CITY, KS","37.567","126.967","87.0","2016-04-29","0.01","61","73","52"
"KSM00047108","SEOUL CITY, KS","37.567","126.967","87.0","2016-04-30",,"61","69","51"
"KSM00047108","SEOUL CITY, KS","37.567","126.967","87.0","2016-05-01",,"68","79","54"
"KSM00047108","SEOUL CITY, KS","37.567","126.967","87.0","2016-05-02",,"70","83","62"
"KSM00047108","SEOUL CITY, KS","37.567","126.967","87.0","2016-05-03","1.61","53","64",
"KSM00047108","SEOUL CITY, KS","37.567","126.967","87.0","2016-05-04",,"60","69","50"
"KSM00047108","SEOUL CITY, KS","37.567","126.967","87.0","2016-05-05",,"69","80","50"
"KSM00047108","SEOUL CITY, KS","37.567","126.967","87.0","2016-05-06","0.67","58","65",
"KSM00047108","SEOUL CITY, KS","37.567","126.967","87.0","2016-05-07",,"62","73","51"
"KSM00047108","SEOUL CITY, KS","37.567","126.967","87.0","2016-05-08",,"69","80","53"
"KSM00047108","SEOUL CITY, KS","37.567","126.967","87.0","2016-05-09",,"68","78",
"KSM00047108","SEOUL CITY, KS","37.567","126.967","87.0","2016-05-10","0.55","56","65",
"KSM00047108","SEOUL CITY, KS","37.567","126.967","87.0","2016-05-11",,"62","74","51"
"KSM00047108","SEOUL CITY, KS","37.567","126.967","87.0","2016-05-12",,"64","75","54"
"KSM00047108","SEOUL CITY, KS","37.567","126.967","87.0","2016-05-13","0.02","67","78","55"
"KSM00047108","SEOUL CITY, KS","37.567","126.967","87.0","2016-05-14",,"69","80","59"
"KSM00047108","SEOUL CITY, KS","37.567","126.967","87.0","2016-05-15",,"61","76",
"KSM00047108","SEOUL CITY, KS","37.567","126.967","87.0","2016-05-16","0.39","61","71","51"
"KSM00047108","SEOUL CITY, KS","37.567","126.967","87.0","2016-05-17",,"68","80","52"
"KSM00047108","SEOUL CITY, KS","37.567","126.967","87.0","2016-05-18",,"73","85","56"
"KSM00047108","SEOUL CITY, KS","37.567","126.967","87.0","2016-05-19",,"76","89","61"
"KSM00047108","SEOUL CITY, KS","37.567","126.967","87.0","2016-05-20",,"75","89","62"
"KSM00047108","SEOUL CITY, KS","37.567","126.967","87.0","2016-05-21",,"75","87",
"KSM00047108","SEOUL CITY, KS","37.567","126.967","87.0","2016-05-22",,"77","89","64"
"KSM00047108","SEOUL CITY, KS","37.567","126.967","87.0","2016-05-23",,"73","85",
"KSM00047108","SEOUL CITY, KS","37.567","126.967","87.0","2016-05-24","1.54","62","71",
"KSM00047108","SEOUL CITY, KS","37.567","126.967","87.0","2016-05-25",,"68","76","60"
"KSM00047108","SEOUL CITY, KS","37.567","126.967","87.0","2016-05-26",,"66","73",
"KSM00047108","SEOUL CITY, KS","37.567","126.967","87.0","2016-05-27",,"71","81","59"
"KSM00047108","SEOUL CITY, KS","37.567","126.967","87.0","2016-05-28",,"71","82","63"
"KSM00047108","SEOUL CITY, KS","37.567","126.967","87.0","2016-05-29",,"71","82",
"KSM00047108","SEOUL CITY, KS","37.567","126.967","87.0","2016-05-30",,"72","84","62"
"KSM00047108","SEOUL CITY, KS","37.567","126.967","87.0","2016-05-31",,"71","82","63"
"KSM00047108","SEOUL CITY, KS","37.567","126.967","87.0","2016-06-01",,"74","86","63"
"KSM00047108","SEOUL CITY, KS","37.567","126.967","87.0","2016-06-02",,"74","84","63"
"KSM00047108","SEOUL CITY, KS","37.567","126.967","87.0","2016-06-03",,"72","82","64"
"KSM00047108","SEOUL CITY, KS","37.567","126.967","87.0","2016-06-04",,"70","79",
"KSM00047108","SEOUL CITY, KS","37.567","126.967","87.0","2016-06-05",,"78","90","63"
"KSM00047108","SEOUL CITY, KS","37.567","126.967","87.0","2016-06-06",,"73","83",
"KSM00047108","SEOUL CITY, KS","37.567","126.967","87.0","2016-06-07","0.00","71","79",
"KSM00047108","SEOUL CITY, KS","37.567","126.967","87.0","2016-06-08",,"71","82",
"KSM00047108","SEOUL CITY, KS","37.567","126.967","87.0","2016-06-09",,"76","88","64"
"KSM00047108","SEOUL CITY, KS","37.567","126.967","87.0","2016-06-10",,"76","88","68"
"KSM00047108","SEOUL CITY, KS","37.567","126.967","87.0","2016-06-11",,"75","80","70"
"KSM00047108","SEOUL CITY, KS","37.567","126.967","87.0","2016-06-12","0.12","73","80",
"KSM00047108","SEOUL CITY, KS","37.567","126.967","87.0","2016-06-13",,"75","85","67"
"KSM00047108","SEOUL CITY, KS","37.567","126.967","87.0","2016-06-14",,"76","85","67"
"KSM00047108","SEOUL CITY, KS","37.567","126.967","87.0","2016-06-15","0.63","68","76","63"
"KSM00047108","SEOUL CITY, KS","37.567","126.967","87.0","2016-06-16","0.00","70","77","65"
"KSM00047108","SEOUL CITY, KS","37.567","126.967","87.0","2016-06-17",,"76","84","65"
"KSM00047108","SEOUL CITY, KS","37.567","126.967","87.0","2016-06-18",,"76","86","68"
"KSM00047108","SEOUL CITY, KS","37.567","126.967","87.0","2016-06-19","0.00","75","85",
"KSM00047108","SEOUL CITY, KS","37.567","126.967","87.0","2016-06-20",,"77","87","67"
"KSM00047108","SEOUL CITY, KS","37.567","126.967","87.0","2016-06-21",,"80","88","70"
"KSM00047108","SEOUL CITY, KS","37.567","126.967","87.0","2016-06-22","1.22","74","86",
"KSM00047108","SEOUL CITY, KS","37.567","126.967","87.0","2016-06-23",,"77","85","67"
"KSM00047108","SEOUL CITY, KS","37.567","126.967","87.0","2016-06-24","0.14","72","78",
"KSM00047108","SEOUL CITY, KS","37.567","126.967","87.0","2016-06-25",,"73","80","67"
"KSM00047108","SEOUL CITY, KS","37.567","126.967","87.0","2016-06-26",,"76","87","67"
"KSM00047108","SEOUL CITY, KS","37.567","126.967","87.0","2016-06-27",,"76","85","68"
"KSM00047108","SEOUL CITY, KS","37.567","126.967","87.0","2016-06-28",,"77","85","69"
"KSM00047108","SEOUL CITY, KS","37.567","126.967","87.0","2016-06-29",,"78","86","70"
"KSM00047108","SEOUL CITY, KS","37.567","126.967","87.0","2016-06-30","0.01","76","80","73"
"KSM00047108","SEOUL CITY, KS","37.567","126.967","87.0","2016-07-01","3.52","74","80",
"KSM00047108","SEOUL CITY, KS","37.567","126.967","87.0","2016-07-02","0.94","74","82","69"
"KSM00047108","SEOUL CITY, KS","37.567","126.967","87.0","2016-07-03",,"74","80",
"KSM00047108","SEOUL CITY, KS","37.567","126.967","87.0","2016-07-04",,"72","75",
"KSM00047108","SEOUL CITY, KS","37.567","126.967","87.0","2016-07-05","4.69","73","77","68"
"KSM00047108","SEOUL CITY, KS","37.567","126.967","87.0","2016-07-06","0.02","73","80",
"KSM00047108","SEOUL CITY, KS","37.567","126.967","87.0","2016-07-07","0.00","76","83","68"
"KSM00047108","SEOUL CITY, KS","37.567","126.967","87.0","2016-07-08",,"82","90","70"
"KSM00047108","SEOUL CITY, KS","37.567","126.967","87.0","2016-07-09",,"82","91","74"
"KSM00047108","SEOUL CITY, KS","37.567","126.967","87.0","2016-07-10",,"83","92","74"
"KSM00047108","SEOUL CITY, KS","37.567","126.967","87.0","2016-07-11",,"82","92",
"KSM00047108","SEOUL CITY, KS","37.567","126.967","87.0","2016-07-12","0.12","80","88","72"
"KSM00047108","SEOUL CITY, KS","37.567","126.967","87.0","2016-07-13","0.00","80","85","74"
"KSM00047108","SEOUL CITY, KS","37.567","126.967","87.0","2016-07-14","0.00","81","90",
"KSM00047108","SEOUL CITY, KS","37.567","126.967","87.0","2016-07-15","0.00","78","85",
"KSM00047108","SEOUL CITY, KS","37.567","126.967","87.0","2016-07-16","1.73","69","75","68"
"KSM00047108","SEOUL CITY, KS","37.567","126.967","87.0","2016-07-17","0.24","71","74","69"
"KSM00047108","SEOUL CITY, KS","37.567","126.967","87.0","2016-07-18","0.01","76","83","69"
"KSM00047108","SEOUL CITY, KS","37.567","126.967","87.0","2016-07-19",,"82","90","70"
"KSM00047108","SEOUL CITY, KS","37.567","126.967","87.0","2016-07-20",,"84","91","75"
"KSM00047108","SEOUL CITY, KS","37.567","126.967","87.0","2016-07-21",,"83","90","77"
"KSM00047108","SEOUL CITY, KS","37.567","126.967","87.0","2016-07-22",,"85","93","78"
"KSM00047108","SEOUL CITY, KS","37.567","126.967","87.0","2016-07-23","0.02","83","89",
"KSM00047108","SEOUL CITY, KS","37.567","126.967","87.0","2016-07-24","0.02","82","86",
"KSM00047108","SEOUL CITY, KS","37.567","126.967","87.0","2016-07-25",,"83","89",
"KSM00047108","SEOUL CITY, KS","37.567","126.967","87.0","2016-07-26",,"83","89","78"
"KSM00047108","SEOUL CITY, KS","37.567","126.967","87.0","2016-07-27",,"82","84","80"
"KSM00047108","SEOUL CITY, KS","37.567","126.967","87.0","2016-07-28","0.01","82","87",
"KSM00047108","SEOUL CITY, KS","37.567","126.967","87.0","2016-07-29","2.34","80","83","74"
"KSM00047108","SEOUL CITY, KS","37.567","126.967","87.0","2016-07-30","0.04","84","91","80"
"KSM00047108","SEOUL CITY, KS","37.567","126.967","87.0","2016-07-31","0.01","84","91",
"KSM00047108","SEOUL CITY, KS","37.567","126.967","87.0","2016-08-01",,"83","90","78"
"KSM00047108","SEOUL CITY, KS","37.567","126.967","87.0","2016-08-02",,"80","88",
"KSM00047108","SEOUL CITY, KS","37.567","126.967","87.0","2016-08-03",,"85","94","75"
"KSM00047108","SEOUL CITY, KS","37.567","126.967","87.0","2016-08-04",,"88","96","79"
"KSM00047108","SEOUL CITY, KS","37.567","126.967","87.0","2016-08-05",,"88","97","80"
"KSM00047108","SEOUL CITY, KS","37.567","126.967","87.0","2016-08-06",,"87","93","80"
"KSM00047108","SEOUL CITY, KS","37.567","126.967","87.0","2016-08-07",,"87","95",
"KSM00047108","SEOUL CITY, KS","37.567","126.967","87.0","2016-08-08",,"87","96","80"
"KSM00047108","SEOUL CITY, KS","37.567","126.967","87.0","2016-08-09",,"85","92",
"KSM00047108","SEOUL CITY, KS","37.567","126.967","87.0","2016-08-10",,"85","95","79"
"KSM00047108","SEOUL CITY, KS","37.567","126.967","87.0","2016-08-11",,"87","98","79"
"KSM00047108","SEOUL CITY, KS","37.567","126.967","87.0","2016-08-12",,"87","97","80"
"KSM00047108","SEOUL CITY, KS","37.567","126.967","87.0","2016-08-13",,"87","95","80"
"KSM00047108","SEOUL CITY, KS","37.567","126.967","87.0","2016-08-14",,"83","89",
"KSM00047108","SEOUL CITY, KS","37.567","126.967","87.0","2016-08-15","0.00","85","93","78"
"KSM00047108","SEOUL CITY, KS","37.567","126.967","87.0","2016-08-16","0.02","84","95",
"KSM00047108","SEOUL CITY, KS","37.567","126.967","87.0","2016-08-17",,"86","94","77"
"KSM00047108","SEOUL CITY, KS","37.567","126.967","87.0","2016-08-18",,"86","94","79"
"KSM00047108","SEOUL CITY, KS","37.567","126.967","87.0","2016-08-19",,"84","92",
"KSM00047108","SEOUL CITY, KS","37.567","126.967","87.0","2016-08-20",,"87","95","80"
"KSM00047108","SEOUL CITY, KS","37.567","126.967","87.0","2016-08-21","0.00","87","98",
"KSM00047108","SEOUL CITY, KS","37.567","126.967","87.0","2016-08-22","0.02","87","97","78"
"KSM00047108","SEOUL CITY, KS","37.567","126.967","87.0","2016-08-23","0.31","83","91","79"
"KSM00047108","SEOUL CITY, KS","37.567","126.967","87.0","2016-08-24","0.00","84","91",
"KSM00047108","SEOUL CITY, KS","37.567","126.967","87.0","2016-08-25","0.20","79","90",
"KSM00047108","SEOUL CITY, KS","37.567","126.967","87.0","2016-08-26","0.79","72","83",
"KSM00047108","SEOUL CITY, KS","37.567","126.967","87.0","2016-08-27",,"75","85","62"
"KSM00047108","SEOUL CITY, KS","37.567","126.967","87.0","2016-08-28","0.08","68","76",
"KSM00047108","SEOUL CITY, KS","37.567","126.967","87.0","2016-08-29",,"72","81","63"
"KSM00047108","SEOUL CITY, KS","37.567","126.967","87.0","2016-08-30",,"68","76",
"KSM00047108","SEOUL CITY, KS","37.567","126.967","87.0","2016-08-31","0.71","64","67",
"KSM00047108","SEOUL CITY, KS","37.567","126.967","87.0","2016-09-01",,"76","83","60"
"KSM00047108","SEOUL CITY, KS","37.567","126.967","87.0","2016-09-02","0.20","75","84",
"KSM00047108","SEOUL CITY, KS","37.567","126.967","87.0","2016-09-03","0.02","76","83","69"
"KSM00047108","SEOUL CITY, KS","37.567","126.967","87.0","2016-09-04",,"79","85","72"
"KSM00047108","SEOUL CITY, KS","37.567","126.967","87.0","2016-09-05",,"79","88",
"KSM00047108","SEOUL CITY, KS","37.567","126.967","87.0","2016-09-06",,"76","84","70"
"KSM00047108","SEOUL CITY, KS","37.567","126.967","87.0","2016-09-07",,"76",,"70"
"KSM00047108","SEOUL CITY, KS","37.567","126.967","87.0","2016-09-08",,"72","80",
"KSM00047108","SEOUL CITY, KS","37.567","126.967","87.0","2016-09-09",,"75","85","67"
"KSM00047108","SEOUL CITY, KS","37.567","126.967","87.0","2016-09-10",,"77","84","68"
"KSM00047108","SEOUL CITY, KS","37.567","126.967","87.0","2016-09-11",,"76",,
"KSM00047108","SEOUL CITY, KS","37.567","126.967","87.0","2016-09-12",,"73",,
"KSM00047108","SEOUL CITY, KS","37.567","126.967","87.0","2016-09-13",,"78",,"67"
"KSM00047108","SEOUL CITY, KS","37.567","126.967","87.0","2016-09-14",,"75",,
"KSM00047108","SEOUL CITY, KS","37.567","126.967","87.0","2016-09-15",,"76","85","66"
"KSM00047108","SEOUL CITY, KS","37.567","126.967","87.0","2016-09-16",,"76","85","69"
"KSM00047108","SEOUL CITY, KS","37.567","126.967","87.0","2016-09-17","0.28","73","83","65"
"KSM00047108","SEOUL CITY, KS","37.567","126.967","87.0","2016-09-18",,"73","83",
"KSM00047108","SEOUL CITY, KS","37.567","126.967","87.0","2016-09-19",,"70","82",
"KSM00047108","SEOUL CITY, KS","37.567","126.967","87.0","2016-09-20",,"69","80",
"KSM00047108","SEOUL CITY, KS","37.567","126.967","87.0","2016-09-21",,"69","78","58"
"KSM00047108","SEOUL CITY, KS","37.567","126.967","87.0","2016-09-22",,"71","81",
"KSM00047108","SEOUL CITY, KS","37.567","126.967","87.0","2016-09-23",,"71","82","62"
"KSM00047108","SEOUL CITY, KS","37.567","126.967","87.0","2016-09-24",,"73","84","62"
"KSM00047108","SEOUL CITY, KS","37.567","126.967","87.0","2016-09-25",,"74","85","65"
"KSM00047108","SEOUL CITY, KS","37.567","126.967","87.0","2016-09-26",,"76","84","67"
"KSM00047108","SEOUL CITY, KS","37.567","126.967","87.0","2016-09-27",,"68",,
"KSM00047108","SEOUL CITY, KS","37.567","126.967","87.0","2016-09-28",,"68",,
"KSM00047108","SEOUL CITY, KS","37.567","126.967","87.0","2016-09-29",,"69",,
"KSM00047108","SEOUL CITY, KS","37.567","126.967","87.0","2016-09-30",,"69","74",
"KSM00047108","SEOUL CITY, KS","37.567","126.967","87.0","2016-10-01",,"71","78","63"
"KSM00047108","SEOUL CITY, KS","37.567","126.967","87.0","2016-10-02","0.71","68",,
"KSM00047108","SEOUL CITY, KS","37.567","126.967","87.0","2016-10-03",,"70",,
"KSM00047108","SEOUL CITY, KS","37.567","126.967","87.0","2016-10-04",,"73","84","60"
"KSM00047108","SEOUL CITY, KS","37.567","126.967","87.0","2016-10-05",,"68","81",
"KSM00047108","SEOUL CITY, KS","37.567","126.967","87.0","2016-10-06",,"65","74","56"
"KSM00047108","SEOUL CITY, KS","37.567","126.967","87.0","2016-10-07",,"67","77","62"
"KSM00047108","SEOUL CITY, KS","37.567","126.967","87.0","2016-10-08","0.28","58","71",
"KSM00047108","SEOUL CITY, KS","37.567","126.967","87.0","2016-10-09",,"53","62","44"
"KSM00047108","SEOUL CITY, KS","37.567","126.967","87.0","2016-10-10",,"58","71","45"
"KSM00047108","SEOUL CITY, KS","37.567","126.967","87.0","2016-10-11",,"61","70","50"
"KSM00047108","SEOUL CITY, KS","37.567","126.967","87.0","2016-10-12",,"59","69",
"KSM00047108","SEOUL CITY, KS","37.567","126.967","87.0","2016-10-13",,"60","71","49"
"KSM00047108","SEOUL CITY, KS","37.567","126.967","87.0","2016-10-14",,"63","74","51"
"KSM00047108","SEOUL CITY, KS","37.567","126.967","87.0","2016-10-15",,"68","81","54"
"KSM00047108","SEOUL CITY, KS","37.567","126.967","87.0","2016-10-16",,"62","67",
"KSM00047108","SEOUL CITY, KS","37.567","126.967","87.0","2016-10-17",,"63","71",
"KSM00047108","SEOUL CITY, KS","37.567","126.967","87.0","2016-10-18",,"63","75","52"
"KSM00047108","SEOUL CITY, KS","37.567","126.967","87.0","2016-10-19",,"64","76",
"KSM00047108","SEOUL CITY, KS","37.567","126.967","87.0","2016-10-20",,"67","78","55"
"KSM00047108","SEOUL CITY, KS","37.567","126.967","87.0","2016-10-21",,"64","72",
"KSM00047108","SEOUL CITY, KS","37.567","126.967","87.0","2016-10-22",,"65","73","58"
"KSM00047108","SEOUL CITY, KS","37.567","126.967","87.0","2016-10-23","0.12","53","64",
"KSM00047108","SEOUL CITY, KS","37.567","126.967","87.0","2016-10-24",,"61","69","48"
"KSM00047108","SEOUL CITY, KS","37.567","126.967","87.0","2016-10-25","1.46","56","63",
"KSM00047108","SEOUL CITY, KS","37.567","126.967","87.0","2016-10-26","0.00","55","61",
"KSM00047108","SEOUL CITY, KS","37.567","126.967","87.0","2016-10-27",,"61","70","47"
"KSM00047108","SEOUL CITY, KS","37.567","126.967","87.0","2016-10-28","0.01","56","65",
"KSM00047108","SEOUL CITY, KS","37.567","126.967","87.0","2016-10-29",,"44","52",
"KSM00047108","SEOUL CITY, KS","37.567","126.967","87.0","2016-10-30",,"48","59","35"
"KSM00047108","SEOUL CITY, KS","37.567","126.967","87.0","2016-10-31","0.02","39","47",
"KSM00047108","SEOUL CITY, KS","37.567","126.967","87.0","2016-11-01",,"34","44",
"KSM00047108","SEOUL CITY, KS","37.567","126.967","87.0","2016-11-02",,"43","51","27"
"KSM00047108","SEOUL CITY, KS","37.567","126.967","87.0","2016-11-03","0.01","50","57","40"
"KSM00047108","SEOUL CITY, KS","37.567","126.967","87.0","2016-11-04","0.00","56","60","47"
"KSM00047108","SEOUL CITY, KS","37.567","126.967","87.0","2016-11-05","0.00","60","65","54"
"KSM00047108","SEOUL CITY, KS","37.567","126.967","87.0","2016-11-06",,"57","65",
"KSM00047108","SEOUL CITY, KS","37.567","126.967","87.0","2016-11-07",,"52","64",
"KSM00047108","SEOUL CITY, KS","37.567","126.967","87.0","2016-11-08","0.12","36","47",
"KSM00047108","SEOUL CITY, KS","37.567","126.967","87.0","2016-11-09",,"37","47","26"
"KSM00047108","SEOUL CITY, KS","37.567","126.967","87.0","2016-11-10",,"45","50","35"
"KSM00047108","SEOUL CITY, KS","37.567","126.967","87.0","2016-11-11","0.16","48","58",
"KSM00047108","SEOUL CITY, KS","37.567","126.967","87.0","2016-11-12",,"56","62","41"
"KSM00047108","SEOUL CITY, KS","37.567","126.967","87.0","2016-11-13","0.02","58","65","54"
"KSM00047108","SEOUL CITY, KS","37.567","126.967","87.0","2016-11-14","0.08","52","60",
"KSM00047108","SEOUL CITY, KS","37.567","126.967","87.0","2016-11-15",,"39","50",
"KSM00047108","SEOUL CITY, KS","37.567","126.967","87.0","2016-11-16",,"43","54","32"
"KSM00047108","SEOUL CITY, KS","37.567","126.967","87.0","2016-11-17",,"49","62","39"
"KSM00047108","SEOUL CITY, KS","37.567","126.967","87.0","2016-11-18",,"53","58","41"
"KSM00047108","SEOUL CITY, KS","37.567","126.967","87.0","2016-11-19","0.00","55","65",
"KSM00047108","SEOUL CITY, KS","37.567","126.967","87.0","2016-11-20",,"48","60",
"KSM00047108","SEOUL CITY, KS","37.567","126.967","87.0","2016-11-21",,"49","58",
"KSM00047108","SEOUL CITY, KS","37.567","126.967","87.0","2016-11-22","0.01","32","47",
"KSM00047108","SEOUL CITY, KS","37.567","126.967","87.0","2016-11-23",,"28",,
"KSM00047108","SEOUL CITY, KS","37.567","126.967","87.0","2016-11-24",,"29",,"21"
"KSM00047108","SEOUL CITY, KS","37.567","126.967","87.0","2016-11-25",,"35",,"26"
"KSM00047108","SEOUL CITY, KS","37.567","126.967","87.0","2016-11-26",,"35",,"31"
"KSM00047108","SEOUL CITY, KS","37.567","126.967","87.0","2016-11-27","0.11","37",,
"KSM00047108","SEOUL CITY, KS","37.567","126.967","87.0","2016-11-28","0.00","33",,
"KSM00047108","SEOUL CITY, KS","37.567","126.967","87.0","2016-11-29",,"37",,"27"
"KSM00047108","SEOUL CITY, KS","37.567","126.967","87.0","2016-11-30",,"44",,"33"
"KSM00047108","SEOUL CITY, KS","37.567","126.967","87.0","2016-12-01","0.04","35",,
"KSM00047108","SEOUL CITY, KS","37.567","126.967","87.0","2016-12-02","0.00","36",,"26"
"KSM00047108","SEOUL CITY, KS","37.567","126.967","87.0","2016-12-03",,"41",,"31"
"KSM00047108","SEOUL CITY, KS","37.567","126.967","87.0","2016-12-04",,"43",,"36"
"KSM00047108","SEOUL CITY, KS","37.567","126.967","87.0","2016-12-05","0.06","39",,
"KSM00047108","SEOUL CITY, KS","37.567","126.967","87.0","2016-12-06","0.00","31",,"24"
"KSM00047108","SEOUL CITY, KS","37.567","126.967","87.0","2016-12-07",,"35",,"27"
"KSM00047108","SEOUL CITY, KS","37.567","126.967","87.0","2016-12-08",,"38",,"27"
"KSM00047108","SEOUL CITY, KS","37.567","126.967","87.0","2016-12-09","0.24","31",,
"KSM00047108","SEOUL CITY, KS","37.567","126.967","87.0","2016-12-10","0.00","29",,"21"
"KSM00047108","SEOUL CITY, KS","37.567","126.967","87.0","2016-12-11",,"31",,"21"
"KSM00047108","SEOUL CITY, KS","37.567","126.967","87.0","2016-12-12",,"38",,"27"
"KSM00047108","SEOUL CITY, KS","37.567","126.967","87.0","2016-12-13",,"37",,
"KSM00047108","SEOUL CITY, KS","37.567","126.967","87.0","2016-12-14",,"28",,
"KSM00047108","SEOUL CITY, KS","37.567","126.967","87.0","2016-12-15","0.00","22",,
"KSM00047108","SEOUL CITY, KS","37.567","126.967","87.0","2016-12-16","0.00","26",,"14"
"KSM00047108","SEOUL CITY, KS","37.567","126.967","87.0","2016-12-17",,"39",,"27"
"KSM00047108","SEOUL CITY, KS","37.567","126.967","87.0","2016-12-18",,"42",,"37"
"KSM00047108","SEOUL CITY, KS","37.567","126.967","87.0","2016-12-19","0.00","45",,"40"
"KSM00047108","SEOUL CITY, KS","37.567","126.967","87.0","2016-12-20","0.00","45",,
"KSM00047108","SEOUL CITY, KS","37.567","126.967","87.0","2016-12-21",,"49",,"39"
"KSM00047108","SEOUL CITY, KS","37.567","126.967","87.0","2016-12-22","1.83","37",,
"KSM00047108","SEOUL CITY, KS","37.567","126.967","87.0","2016-12-23","0.24","26",,
"KSM00047108","SEOUL CITY, KS","37.567","126.967","87.0","2016-12-24","0.00","28",,"24"
"KSM00047108","SEOUL CITY, KS","37.567","126.967","87.0","2016-12-25",,"36",,"24"
"KSM00047108","SEOUL CITY, KS","37.567","126.967","87.0","2016-12-26",,"35",,
"KSM00047108","SEOUL CITY, KS","37.567","126.967","87.0","2016-12-27","0.02","25",,
"KSM00047108","SEOUL CITY, KS","37.567","126.967","87.0","2016-12-28","0.00","27",,"17"
"KSM00047108","SEOUL CITY, KS","37.567","126.967","87.0","2016-12-29","0.01","22",,
"KSM00047108","SEOUL CITY, KS","37.567","126.967","87.0","2016-12-30","0.00","28",,"16"
"KSM00047108","SEOUL CITY, KS","37.567","126.967","87.0","2016-12-31",,"34",,"26"
"KSM00047108","SEOUL CITY, KS","37.567","126.967","87.0","2017-01-01",,"39",,"29"
"KSM00047108","SEOUL CITY, KS","37.567","126.967","87.0","2017-01-02","0.01","39",,
"KSM00047108","SEOUL CITY, KS","37.567","126.967","87.0","2017-01-03","0.00","37",,"28"
"KSM00047108","SEOUL CITY, KS","37.567","126.967","87.0","2017-01-04",,"38",,
"KSM00047108","SEOUL CITY, KS","37.567","126.967","87.0","2017-01-05",,"40",,"32"
"KSM00047108","SEOUL CITY, KS","37.567","126.967","87.0","2017-01-06",,"41",,
"KSM00047108","SEOUL CITY, KS","37.567","126.967","87.0","2017-01-07",,"42",,"32"
"KSM00047108","SEOUL CITY, KS","37.567","126.967","87.0","2017-01-08",,"43",,
"KSM00047108","SEOUL CITY, KS","37.567","126.967","87.0","2017-01-09",,"31",,
"KSM00047108","SEOUL CITY, KS","37.567","126.967","87.0","2017-01-10",,"24",,
"KSM00047108","SEOUL CITY, KS","37.567","126.967","87.0","2017-01-11",,"29",,"15"
"KSM00047108","SEOUL CITY, KS","37.567","126.967","87.0","2017-01-12",,"25",,
"KSM00047108","SEOUL CITY, KS","37.567","126.967","87.0","2017-01-13",,"20",,
"KSM00047108","SEOUL CITY, KS","37.567","126.967","87.0","2017-01-14","0.02","16",,
"KSM00047108","SEOUL CITY, KS","37.567","126.967","87.0","2017-01-15","0.00","21",,"11"
"KSM00047108","SEOUL CITY, KS","37.567","126.967","87.0","2017-01-16",,"26",,"16"
"KSM00047108","SEOUL CITY, KS","37.567","126.967","87.0","2017-01-17",,"30",,"19"
"KSM00047108","SEOUL CITY, KS","37.567","126.967","87.0","2017-01-18",,"30",,
"KSM00047108","SEOUL CITY, KS","37.567","126.967","87.0","2017-01-19",,"31",,"23"
"KSM00047108","SEOUL CITY, KS","37.567","126.967","87.0","2017-01-20","0.16","21",,
"KSM00047108","SEOUL CITY, KS","37.567","126.967","87.0","2017-01-21","1.97","23",,"14"
"KSM00047108","SEOUL CITY, KS","37.567","126.967","87.0","2017-01-22","0.08","15",,
"KSM00047108","SEOUL CITY, KS","37.567","126.967","87.0","2017-01-23","0.79","17",,"9"
"KSM00047108","SEOUL CITY, KS","37.567","126.967","87.0","2017-01-24","0.00","20",,"11"
"KSM00047108","SEOUL CITY, KS","37.567","126.967","87.0","2017-01-25",,"24",,"14"
"KSM00047108","SEOUL CITY, KS","37.567","126.967","87.0","2017-01-26",,"33",,"18"
"KSM00047108","SEOUL CITY, KS","37.567","126.967","87.0","2017-01-27","0.13","24",,
"KSM00047108","SEOUL CITY, KS","37.567","126.967","87.0","2017-01-28","0.00","33",,"17"
"KSM00047108","SEOUL CITY, KS","37.567","126.967","87.0","2017-01-29","0.79","31",,
"KSM00047108","SEOUL CITY, KS","37.567","126.967","87.0","2017-01-30","0.18","20",,
"KSM00047108","SEOUL CITY, KS","37.567","126.967","87.0","2017-01-31","0.39","24",,"14"
"KSM00047108","SEOUL CITY, KS","37.567","126.967","87.0","2017-02-01","0.00","24",,
"KSM00047108","SEOUL CITY, KS","37.567","126.967","87.0","2017-02-02",,"31",,"15"
"KSM00047108","SEOUL CITY, KS","37.567","126.967","87.0","2017-02-03",,"34",,
"KSM00047108","SEOUL CITY, KS","37.567","126.967","87.0","2017-02-04",,"35",,"27"
"KSM00047108","SEOUL CITY, KS","37.567","126.967","87.0","2017-02-05",,"32",,
"KSM00047108","SEOUL CITY, KS","37.567","126.967","87.0","2017-02-06","0.02","28",,
"KSM00047108","SEOUL CITY, KS","37.567","126.967","87.0","2017-02-07","0.00","29",,"22"
"KSM00047108","SEOUL CITY, KS","37.567","126.967","87.0","2017-02-08",,"28",,
"KSM00047108","SEOUL CITY, KS","37.567","126.967","87.0","2017-02-09",,"21",,
"KSM00047108","SEOUL CITY, KS","37.567","126.967","87.0","2017-02-10",,"20",,"15"
"KSM00047108","SEOUL CITY, KS","37.567","126.967","87.0","2017-02-11",,"24",,"15"
"KSM00047108","SEOUL CITY, KS","37.567","126.967","87.0","2017-02-12",,"29",,"19"
"KSM00047108","SEOUL CITY, KS","37.567","126.967","87.0","2017-02-13",,"33",,"22"
"KSM00047108","SEOUL CITY, KS","37.567","126.967","87.0","2017-02-14",,"32",,"25"
"KSM00047108","SEOUL CITY, KS","37.567","126.967","87.0","2017-02-15",,"36",,"25"
"KSM00047108","SEOUL CITY, KS","37.567","126.967","87.0","2017-02-16",,"44",,"29"
"KSM00047108","SEOUL CITY, KS","37.567","126.967","87.0","2017-02-17","0.16","28",,
"KSM00047108","SEOUL CITY, KS","37.567","126.967","87.0","2017-02-18","0.00","29",,"19"
"KSM00047108","SEOUL CITY, KS","37.567","126.967","87.0","2017-02-19",,"39",,"26"
"KSM00047108","SEOUL CITY, KS","37.567","126.967","87.0","2017-02-20","0.06","25",,
"KSM00047108","SEOUL CITY, KS","37.567","126.967","87.0","2017-02-21","0.00","35",,"18"
"KSM00047108","SEOUL CITY, KS","37.567","126.967","87.0","2017-02-22",,"33",,
"KSM00047108","SEOUL CITY, KS","37.567","126.967","87.0","2017-02-23","0.20","28",,
"KSM00047108","SEOUL CITY, KS","37.567","126.967","87.0","2017-02-24","0.00","32",,"22"
"KSM00047108","SEOUL CITY, KS","37.567","126.967","87.0","2017-02-25",,"38",,"27"
"KSM00047108","SEOUL CITY, KS","37.567","126.967","87.0","2017-02-26",,"38",,"29"
"KSM00047108","SEOUL CITY, KS","37.567","126.967","87.0","2017-02-27",,"39",,"29"
"KSM00047108","SEOUL CITY, KS","37.567","126.967","87.0","2017-02-28",,"44",,"30"
"KSM00047108","SEOUL CITY, KS","37.567","126.967","87.0","2017-03-01",,"40",,
"KSM00047108","SEOUL CITY, KS","37.567","126.967","87.0","2017-03-02","0.22","34",,
"KSM00047108","SEOUL CITY, KS","37.567","126.967","87.0","2017-03-03","0.00","40",,"26"
"KSM00047108","SEOUL CITY, KS","37.567","126.967","87.0","2017-03-04",,"43",,"32"
"KSM00047108","SEOUL CITY, KS","37.567","126.967","87.0","2017-03-05",,"40",,
"KSM00047108","SEOUL CITY, KS","37.567","126.967","87.0","2017-03-06","0.02","31",,
"KSM00047108","SEOUL CITY, KS","37.567","126.967","87.0","2017-03-07","0.00","29",,
"KSM00047108","SEOUL CITY, KS","37.567","126.967","87.0","2017-03-08",,"33",,"22"
"KSM00047108","SEOUL CITY, KS","37.567","126.967","87.0","2017-03-09",,"39",,"27"
"KSM00047108","SEOUL CITY, KS","37.567","126.967","87.0","2017-03-10",,"41",,"30"
"KSM00047108","SEOUL CITY, KS","37.567","126.967","87.0","2017-03-11",,"47",,"32"
"KSM00047108","SEOUL CITY, KS","37.567","126.967","87.0","2017-03-12",,"46",,
"KSM00047108","SEOUL CITY, KS","37.567","126.967","87.0","2017-03-13",,"44",,
"KSM00047108","SEOUL CITY, KS","37.567","126.967","87.0","2017-03-14",,"42",,
"KSM00047108","SEOUL CITY, KS","37.567","126.967","87.0","2017-03-15",,"43",,"33"
"KSM00047108","SEOUL CITY, KS","37.567","126.967","87.0","2017-03-16",,"43",,"34"
"KSM00047108","SEOUL CITY, KS","37.567","126.967","87.0","2017-03-17",,"48",,"34"
"KSM00047108","SEOUL CITY, KS","37.567","126.967","87.0","2017-03-18",,"48",,
"KSM00047108","SEOUL CITY, KS","37.567","126.967","87.0","2017-03-19",,"53",,"38"
"KSM00047108","SEOUL CITY, KS","37.567","126.967","87.0","2017-03-20",,"50",,
"KSM00047108","SEOUL CITY, KS","37.567","126.967","87.0","2017-03-21",,"44",,
"KSM00047108","SEOUL CITY, KS","37.567","126.967","87.0","2017-03-22",,"47",,"35"
"KSM00047108","SEOUL CITY, KS","37.567","126.967","87.0","2017-03-23",,"48",,
"KSM00047108","SEOUL CITY, KS","37.567","126.967","87.0","2017-03-24",,"49",,"39"
"KSM00047108","SEOUL CITY, KS","37.567","126.967","87.0","2017-03-25",,"46",,
"KSM00047108","SEOUL CITY, KS","37.567","126.967","87.0","2017-03-26",,"45",,
"KSM00047108","SEOUL CITY, KS","37.567","126.967","87.0","2017-03-27",,"42",,
"KSM00047108","SEOUL CITY, KS","37.567","126.967","87.0","2017-03-28","0.02","46",,"36"
"KSM00047108","SEOUL CITY, KS","37.567","126.967","87.0","2017-03-29","0.00","48",,
"KSM00047108","SEOUL CITY, KS","37.567","126.967","87.0","2017-03-30",,"53",,"39"
"KSM00047108","SEOUL CITY, KS","37.567","126.967","87.0","2017-03-31","0.01","46",,
"KSM00047108","SEOUL CITY, KS","37.567","126.967","87.0","2017-04-01","0.05","47",,
"KSM00047108","SEOUL CITY, KS","37.567","126.967","87.0","2017-04-02","0.04","49",,"38"
"KSM00047108","SEOUL CITY, KS","37.567","126.967","87.0","2017-04-03","0.00","54",,"40"
"KSM00047108","SEOUL CITY, KS","37.567","126.967","87.0","2017-04-04",,"59",,"44"
"KSM00047108","SEOUL CITY, KS","37.567","126.967","87.0","2017-04-05","0.01","53",,
"KSM00047108","SEOUL CITY, KS","37.567","126.967","87.0","2017-04-06","1.59","50",,
"KSM00047108","SEOUL CITY, KS","37.567","126.967","87.0","2017-04-07","0.00","58",,"48"
"KSM00047108","SEOUL CITY, KS","37.567","126.967","87.0","2017-04-08",,"56",,"47"
"KSM00047108","SEOUL CITY, KS","37.567","126.967","87.0","2017-04-09","0.04","59",,
"KSM00047108","SEOUL CITY, KS","37.567","126.967","87.0","2017-04-10","0.00","63",,"50"
"KSM00047108","SEOUL CITY, KS","37.567","126.967","87.0","2017-04-11",,"58",,
"KSM00047108","SEOUL CITY, KS","37.567","126.967","87.0","2017-04-12",,"51",,
"KSM00047108","SEOUL CITY, KS","37.567","126.967","87.0","2017-04-13",,"57",,"43"
"KSM00047108","SEOUL CITY, KS","37.567","126.967","87.0","2017-04-14",,"55",,"50"
"KSM00047108","SEOUL CITY, KS","37.567","126.967","87.0","2017-04-15","0.24","63",,"52"
"KSM00047108","SEOUL CITY, KS","37.567","126.967","87.0","2017-04-16","0.00","67",,"55"
"KSM00047108","SEOUL CITY, KS","37.567","126.967","87.0","2017-04-17",,"56",,
"KSM00047108","SEOUL CITY, KS","37.567","126.967","87.0","2017-04-18","0.22","52",,
"KSM00047108","SEOUL CITY, KS","37.567","126.967","87.0","2017-04-19","0.30","56",,"45"
"KSM00047108","SEOUL CITY, KS","37.567","126.967","87.0","2017-04-20","0.00","54",,
"KSM00047108","SEOUL CITY, KS","37.567","126.967","87.0","2017-04-21","0.00","56",,"46"
"KSM00047108","SEOUL CITY, KS","37.567","126.967","87.0","2017-04-22",,"59",,"47"
"KSM00047108","SEOUL CITY, KS","37.567","126.967","87.0","2017-04-23",,"59",,
"KSM00047108","SEOUL CITY, KS","37.567","126.967","87.0","2017-04-24",,"61",,"47"
"KSM00047108","SEOUL CITY, KS","37.567","126.967","87.0","2017-04-25",,"60",,
"KSM00047108","SEOUL CITY, KS","37.567","126.967","87.0","2017-04-26",,"58",,
"KSM00047108","SEOUL CITY, KS","37.567","126.967","87.0","2017-04-27",,"57",,"46"
"KSM00047108","SEOUL CITY, KS","37.567","126.967","87.0","2017-04-28",,"58",,"48"
"KSM00047108","SEOUL CITY, KS","37.567","126.967","87.0","2017-04-29",,"65",,"49"
"KSM00047108","SEOUL CITY, KS","37.567","126.967","87.0","2017-04-30",,"66",,
"KSM00047108","SEOUL CITY, KS","37.567","126.967","87.0","2017-05-01",,"69",,"55"
"KSM00047108","SEOUL CITY, KS","37.567","126.967","87.0","2017-05-02",,"69",,
"KSM00047108","SEOUL CITY, KS","37.567","126.967","87.0","2017-05-03",,"71",,"58"
"KSM00047108","SEOUL CITY, KS","37.567","126.967","87.0","2017-05-04",,"71",,"59"
"KSM00047108","SEOUL CITY, KS","37.567","126.967","87.0","2017-05-05",,"66",,
"KSM00047108","SEOUL CITY, KS","37.567","126.967","87.0","2017-05-06",,"59",,"50"
"KSM00047108","SEOUL CITY, KS","37.567","126.967","87.0","2017-05-07",,"62",,"52"
"KSM00047108","SEOUL CITY, KS","37.567","126.967","87.0","2017-05-08",,"66",,"52"
"KSM00047108","SEOUL CITY, KS","37.567","126.967","87.0","2017-05-09",,"62",,
"KSM00047108","SEOUL CITY, KS","37.567","126.967","87.0","2017-05-10","0.20","61",,
"KSM00047108","SEOUL CITY, KS","37.567","126.967","87.0","2017-05-11","0.00","69",,"56"
"KSM00047108","SEOUL CITY, KS","37.567","126.967","87.0","2017-05-12",,"65",,
"KSM00047108","SEOUL CITY, KS","37.567","126.967","87.0","2017-05-13",,"60",,
"KSM00047108","SEOUL CITY, KS","37.567","126.967","87.0","2017-05-14","0.24","61",,"52"
"KSM00047108","SEOUL CITY, KS","37.567","126.967","87.0","2017-05-15","0.00","61",,"54"
"KSM00047108","SEOUL CITY, KS","37.567","126.967","87.0","2017-05-16",,"62",,
"KSM00047108","SEOUL CITY, KS","37.567","126.967","87.0","2017-05-17",,"66",,"54"
"KSM00047108","SEOUL CITY, KS","37.567","126.967","87.0","2017-05-18",,"69",,"57"
"KSM00047108","SEOUL CITY, KS","37.567","126.967","87.0","2017-05-19",,"70",,"59"
"KSM00047108","SEOUL CITY, KS","37.567","126.967","87.0","2017-05-20",,"70",,"60"
"KSM00047108","SEOUL CITY, KS","37.567","126.967","87.0","2017-05-21",,"71",,"61"
"KSM00047108","SEOUL CITY, KS","37.567","126.967","87.0","2017-05-22",,"72",,"61"
"KSM00047108","SEOUL CITY, KS","37.567","126.967","87.0","2017-05-23",,"68",,
"KSM00047108","SEOUL CITY, KS","37.567","126.967","87.0","2017-05-24","0.20","71",,
"KSM00047108","SEOUL CITY, KS","37.567","126.967","87.0","2017-05-25","0.00","65",,
"KSM00047108","SEOUL CITY, KS","37.567","126.967","87.0","2017-05-26",,"64",,"54"
"KSM00047108","SEOUL CITY, KS","37.567","126.967","87.0","2017-05-27",,"67",,"57"
"KSM00047108","SEOUL CITY, KS","37.567","126.967","87.0","2017-05-28",,"72",,"58"
"KSM00047108","SEOUL CITY, KS","37.567","126.967","87.0","2017-05-29",,"73",,"65"
"KSM00047108","SEOUL CITY, KS","37.567","126.967","87.0","2017-05-30",,"74",,
"KSM00047108","SEOUL CITY, KS","37.567","126.967","87.0","2017-05-31",,"75",,"64"
"KSM00047108","SEOUL CITY, KS","37.567","126.967","87.0","2017-06-01",,"72",,
"KSM00047108","SEOUL CITY, KS","37.567","126.967","87.0","2017-06-02",,"69",,"60"
"KSM00047108","SEOUL CITY, KS","37.567","126.967","87.0","2017-06-03",,"69",,
"KSM00047108","SEOUL CITY, KS","37.567","126.967","87.0","2017-06-04",,"72",,"59"
"KSM00047108","SEOUL CITY, KS","37.567","126.967","87.0","2017-06-05",,"77",,"62"
"KSM00047108","SEOUL CITY, KS","37.567","126.967","87.0","2017-06-06",,"65",,
"KSM00047108","SEOUL CITY, KS","37.567","126.967","87.0","2017-06-07","1.02","63",,"59"
"KSM00047108","SEOUL CITY, KS","37.567","126.967","87.0","2017-06-08","0.08","69",,"59"
"KSM00047108","SEOUL CITY, KS","37.567","126.967","87.0","2017-06-09","0.00","70",,
"KSM00047108","SEOUL CITY, KS","37.567","126.967","87.0","2017-06-10","0.18","69",,
"KSM00047108","SEOUL CITY, KS","37.567","126.967","87.0","2017-06-11","0.00","74",,"59"
"KSM00047108","SEOUL CITY, KS","37.567","126.967","87.0","2017-06-12",,"72",,"63"
"KSM00047108","SEOUL CITY, KS","37.567","126.967","87.0","2017-06-13",,"70",,
"KSM00047108","SEOUL CITY, KS","37.567","126.967","87.0","2017-06-14",,"71",,"64"
"KSM00047108","SEOUL CITY, KS","37.567","126.967","87.0","2017-06-15",,"74",,"64"
"KSM00047108","SEOUL CITY, KS","37.567","126.967","87.0","2017-06-16",,"78",,"68"
"KSM00047108","SEOUL CITY, KS","37.567","126.967","87.0","2017-06-17",,"74",,
"KSM00047108","SEOUL CITY, KS","37.567","126.967","87.0","2017-06-18",,"76",,"65"
"KSM00047108","SEOUL CITY, KS","37.567","126.967","87.0","2017-06-19",,"77",,"67"
"KSM00047108","SEOUL CITY, KS","37.567","126.967","87.0","2017-06-20",,"80",,"68"
"KSM00047108","SEOUL CITY, KS","37.567","126.967","87.0","2017-06-21",,"77",,
"KSM00047108","SEOUL CITY, KS","37.567","126.967","87.0","2017-06-22",,"78",,"70"
"KSM00047108","SEOUL CITY, KS","37.567","126.967","87.0","2017-06-23",,"81",,"70"
"KSM00047108","SEOUL CITY, KS","37.567","126.967","87.0","2017-06-24",,"75",,
"KSM00047108","SEOUL CITY, KS","37.567","126.967","87.0","2017-06-25","0.14","75",,
"KSM00047108","SEOUL CITY, KS","37.567","126.967","87.0","2017-06-26","0.72","74",,"68"
"KSM00047108","SEOUL CITY, KS","37.567","126.967","87.0","2017-06-27","0.47","78",,"69"
"KSM00047108","SEOUL CITY, KS","37.567","126.967","87.0","2017-06-28","0.00","79",,
"KSM00047108","SEOUL CITY, KS","37.567","126.967","87.0","2017-06-29",,"79",,"71"
"KSM00047108","SEOUL CITY, KS","37.567","126.967","87.0","2017-06-30",,"79","88","72"
"KSM00047108","SEOUL CITY, KS","37.567","126.967","87.0","2017-07-01",,"78",,"72"
"KSM00047108","SEOUL CITY, KS","37.567","126.967","87.0","2017-07-02","0.67","76",,
"KSM00047108","SEOUL CITY, KS","37.567","126.967","87.0","2017-07-03","5.59","77",,"71"
"KSM00047108","SEOUL CITY, KS","37.567","126.967","87.0","2017-07-04","0.06","80",,
"KSM00047108","SEOUL CITY, KS","37.567","126.967","87.0","2017-07-05","0.00","82",,"74"
"KSM00047108","SEOUL CITY, KS","37.567","126.967","87.0","2017-07-06",,"82",,"75"
"KSM00047108","SEOUL CITY, KS","37.567","126.967","87.0","2017-07-07","1.36","80",,"76"
"KSM00047108","SEOUL CITY, KS","37.567","126.967","87.0","2017-07-08","0.77","79",,"76"
"KSM00047108","SEOUL CITY, KS","37.567","126.967","87.0","2017-07-09","0.37","79",,
"KSM00047108","SEOUL CITY, KS","37.567","126.967","87.0","2017-07-10","2.03","74",,
"KSM00047108","SEOUL CITY, KS","37.567","126.967","87.0","2017-07-11","4.65","80",,"72"
"KSM00047108","SEOUL CITY, KS","37.567","126.967","87.0","2017-07-12","0.00","80",,
"KSM00047108","SEOUL CITY, KS","37.567","126.967","87.0","2017-07-13",,"83",,"74"
"KSM00047108","SEOUL CITY, KS","37.567","126.967","87.0","2017-07-14",,"83",,
"KSM00047108","SEOUL CITY, KS","37.567","126.967","87.0","2017-07-15","1.08","76",,"74"
"KSM00047108","SEOUL CITY, KS","37.567","126.967","87.0","2017-07-16","1.48","80",,"74"
"KSM00047108","SEOUL CITY, KS","37.567","126.967","87.0","2017-07-17","0.00","79",,
"KSM00047108","SEOUL CITY, KS","37.567","126.967","87.0","2017-07-18","0.39","80",,"75"
"KSM00047108","SEOUL CITY, KS","37.567","126.967","87.0","2017-07-19","0.00","84",,"76"
"KSM00047108","SEOUL CITY, KS","37.567","126.967","87.0","2017-07-20",,"87",,"79"
"KSM00047108","SEOUL CITY, KS","37.567","126.967","87.0","2017-07-21",,"86",,"81"
"KSM00047108","SEOUL CITY, KS","37.567","126.967","87.0","2017-07-22","0.02","84",,
"KSM00047108","SEOUL CITY, KS","37.567","126.967","87.0","2017-07-23","1.54","80",,
"KSM00047108","SEOUL CITY, KS","37.567","126.967","87.0","2017-07-24","3.74","79",,
"KSM00047108","SEOUL CITY, KS","37.567","126.967","87.0","2017-07-25","0.10","85",,
"KSM00047108","SEOUL CITY, KS","37.567","126.967","87.0","2017-07-26","0.00","84",,"76"
"KSM00047108","SEOUL CITY, KS","37.567","126.967","87.0","2017-07-27",,"80",,
"KSM00047108","SEOUL CITY, KS","37.567","126.967","87.0","2017-07-28","0.39","78",,"77"
"KSM00047108","SEOUL CITY, KS","37.567","126.967","87.0","2017-07-29","0.08","81",,
"KSM00047108","SEOUL CITY, KS","37.567","126.967","87.0","2017-07-30","0.00","83",,"76"
"KSM00047108","SEOUL CITY, KS","37.567","126.967","87.0","2017-07-31","0.02","78",,
"KSM00047108","SEOUL CITY, KS","37.567","126.967","87.0","2017-08-01","0.20","85",,"75"
"KSM00047108","SEOUL CITY, KS","37.567","126.967","87.0","2017-08-02","0.00","86",,"80"
"KSM00047108","SEOUL CITY, KS","37.567","126.967","87.0","2017-08-03",,"86",,
"KSM00047108","SEOUL CITY, KS","37.567","126.967","87.0","2017-08-04",,"87",,"79"
"KSM00047108","SEOUL CITY, KS","37.567","126.967","87.0","2017-08-05",,"89",,"82"
"KSM00047108","SEOUL CITY, KS","37.567","126.967","87.0","2017-08-06",,"85",,
"KSM00047108","SEOUL CITY, KS","37.567","126.967","87.0","2017-08-07","0.20","84",,
"KSM00047108","SEOUL CITY, KS","37.567","126.967","87.0","2017-08-08","0.00","82",,"78"
"KSM00047108","SEOUL CITY, KS","37.567","126.967","87.0","2017-08-09","0.00","81",,
"KSM00047108","SEOUL CITY, KS","37.567","126.967","87.0","2017-08-10","0.27","77",,"75"
"KSM00047108","SEOUL CITY, KS","37.567","126.967","87.0","2017-08-11","0.06","80",,
"KSM00047108","SEOUL CITY, KS","37.567","126.967","87.0","2017-08-12","0.00","83",,"74"
"KSM00047108","SEOUL CITY, KS","37.567","126.967","87.0","2017-08-13",,"79",,
"KSM00047108","SEOUL CITY, KS","37.567","126.967","87.0","2017-08-14",,"76",,
"KSM00047108","SEOUL CITY, KS","37.567","126.967","87.0","2017-08-15","1.02","71",,
"KSM00047108","SEOUL CITY, KS","37.567","126.967","87.0","2017-08-16","2.74","74",,"69"
"KSM00047108","SEOUL CITY, KS","37.567","126.967","87.0","2017-08-17","0.08","78",,"70"
"KSM00047108","SEOUL CITY, KS","37.567","126.967","87.0","2017-08-18","0.00","79",,
"KSM00047108","SEOUL CITY, KS","37.567","126.967","87.0","2017-08-19",,"79",,
"KSM00047108","SEOUL CITY, KS","37.567","126.967","87.0","2017-08-20","2.30","74",,"72"
"KSM00047108","SEOUL CITY, KS","37.567","126.967","87.0","2017-08-21","2.70","78",,
"KSM00047108","SEOUL CITY, KS","37.567","126.967","87.0","2017-08-22","0.10","82",,"74"
"KSM00047108","SEOUL CITY, KS","37.567","126.967","87.0","2017-08-23","0.53","82",,"76"
"KSM00047108","SEOUL CITY, KS","37.567","126.967","87.0","2017-08-24","0.79","78",,
"KSM00047108","SEOUL CITY, KS","37.567","126.967","87.0","2017-08-25","0.47","77",,
"KSM00047108","SEOUL CITY, KS","37.567","126.967","87.0","2017-08-26","0.00","75",,"66"
"KSM00047108","SEOUL CITY, KS","37.567","126.967","87.0","2017-08-27",,"73",,"66"
"KSM00047108","SEOUL CITY, KS","37.567","126.967","87.0","2017-08-28",,"70",,
"KSM00047108","SEOUL CITY, KS","37.567","126.967","87.0","2017-08-29","0.35","67",,
"KSM00047108","SEOUL CITY, KS","37.567","126.967","87.0","2017-08-30","0.00","68",,"61"
"KSM00047108","SEOUL CITY, KS","37.567","126.967","87.0","2017-08-31",,"72",,"62"
"KSM00047108","SEOUL CITY, KS","37.567","126.967","87.0","2017-09-01",,"74",,"63"
"KSM00047108","SEOUL CITY, KS","37.567","126.967","87.0","2017-09-02",,"75",,"65"
"KSM00047108","SEOUL CITY, KS","37.567","126.967","87.0","2017-09-03",,"75",,"66"
"KSM00047108","SEOUL CITY, KS","37.567","126.967","87.0","2017-09-04",,"76",,"67"
"KSM00047108","SEOUL CITY, KS","37.567","126.967","87.0","2017-09-05",,"71",,
"KSM00047108","SEOUL CITY, KS","37.567","126.967","87.0","2017-09-06",,"68",,
"KSM00047108","SEOUL CITY, KS","37.567","126.967","87.0","2017-09-07","0.08","73",,"64"
"KSM00047108","SEOUL CITY, KS","37.567","126.967","87.0","2017-09-08","0.00","75",,
"KSM00047108","SEOUL CITY, KS","37.567","126.967","87.0","2017-09-09",,"75",,"67"
"KSM00047108","SEOUL CITY, KS","37.567","126.967","87.0","2017-09-10",,"73",,
"KSM00047108","SEOUL CITY, KS","37.567","126.967","87.0","2017-09-11","0.96","69",,
"KSM00047108","SEOUL CITY, KS","37.567","126.967","87.0","2017-09-12","0.00","71",,
"KSM00047108","SEOUL CITY, KS","37.567","126.967","87.0","2017-09-13",,"70",,
"KSM00047108","SEOUL CITY, KS","37.567","126.967","87.0","2017-09-14",,"73",,"59"
"KSM00047108","SEOUL CITY, KS","37.567","126.967","87.0","2017-09-15",,"72",,
"KSM00047108","SEOUL CITY, KS","37.567","126.967","87.0","2017-09-16",,"72",,"62"
"KSM00047108","SEOUL CITY, KS","37.567","126.967","87.0","2017-09-17",,"72",,
"KSM00047108","SEOUL CITY, KS","37.567","126.967","87.0","2017-09-18",,"73",,"62"
"KSM00047108","SEOUL CITY, KS","37.567","126.967","87.0","2017-09-19",,"71",,
"KSM00047108","SEOUL CITY, KS","37.567","126.967","87.0","2017-09-20","0.31","67",,"57"
"KSM00047108","SEOUL CITY, KS","37.567","126.967","87.0","2017-09-21","0.00","69",,"58"
"KSM00047108","SEOUL CITY, KS","37.567","126.967","87.0","2017-09-22",,"70",,"60"
"KSM00047108","SEOUL CITY, KS","37.567","126.967","87.0","2017-09-23",,"72",,"64"
"KSM00047108","SEOUL CITY, KS","37.567","126.967","87.0","2017-09-24",,"72",,
"KSM00047108","SEOUL CITY, KS","37.567","126.967","87.0","2017-09-25",,"75",,"63"
"KSM00047108","SEOUL CITY, KS","37.567","126.967","87.0","2017-09-26",,"78",,"67"
"KSM00047108","SEOUL CITY, KS","37.567","126.967","87.0","2017-09-27","0.02","71",,
"KSM00047108","SEOUL CITY, KS","37.567","126.967","87.0","2017-09-28","0.00","64",,
"KSM00047108","SEOUL CITY, KS","37.567","126.967","87.0","2017-09-29",,"65",,"52"
"KSM00047108","SEOUL CITY, KS","37.567","126.967","87.0","2017-09-30",,"69",,"58"
"KSM00047108","SEOUL CITY, KS","37.567","126.967","87.0","2017-10-01",,"64",,
"KSM00047108","SEOUL CITY, KS","37.567","126.967","87.0","2017-10-02","0.22","71",,
"KSM00047108","SEOUL CITY, KS","37.567","126.967","87.0","2017-10-03","0.00","62",,
"KSM00047108","SEOUL CITY, KS","37.567","126.967","87.0","2017-10-04",,"63",,"51"
"KSM00047108","SEOUL CITY, KS","37.567","126.967","87.0","2017-10-05",,"67",,"57"
"KSM00047108","SEOUL CITY, KS","37.567","126.967","87.0","2017-10-06",,"66",,"61"
"KSM00047108","SEOUL CITY, KS","37.567","126.967","87.0","2017-10-07","0.02","73",,"62"
"KSM00047108","SEOUL CITY, KS","37.567","126.967","87.0","2017-10-08","0.00","73",,"67"
"KSM00047108","SEOUL CITY, KS","37.567","126.967","87.0","2017-10-09",,"72",,
"KSM00047108","SEOUL CITY, KS","37.567","126.967","87.0","2017-10-10",,"70",,
"KSM00047108","SEOUL CITY, KS","37.567","126.967","87.0","2017-10-11","0.78","57",,
"KSM00047108","SEOUL CITY, KS","37.567","126.967","87.0","2017-10-12","0.02","51",,
"KSM00047108","SEOUL CITY, KS","37.567","126.967","87.0","2017-10-13","0.00","56",,"43"
"KSM00047108","SEOUL CITY, KS","37.567","126.967","87.0","2017-10-14",,"58",,"48"
"KSM00047108","SEOUL CITY, KS","37.567","126.967","87.0","2017-10-15",,"62",,"48"
"KSM00047108","SEOUL CITY, KS","37.567","126.967","87.0","2017-10-16",,"60",,
"KSM00047108","SEOUL CITY, KS","37.567","126.967","87.0","2017-10-17",,"63",,"49"
"KSM00047108","SEOUL CITY, KS","37.567","126.967","87.0","2017-10-18",,"61",,
"KSM00047108","SEOUL CITY, KS","37.567","126.967","87.0","2017-10-19","0.00","62",,
"KSM00047108","SEOUL CITY, KS","37.567","126.967","87.0","2017-10-20","0.00","63",,"52"
"KSM00047108","SEOUL CITY, KS","37.567","126.967","87.0","2017-10-21",,"64",,"52"
"KSM00047108","SEOUL CITY, KS","37.567","126.967","87.0","2017-10-22",,"60",,
"KSM00047108","SEOUL CITY, KS","37.567","126.967","87.0","2017-10-23",,"57",,"47"
"KSM00047108","SEOUL CITY, KS","37.567","126.967","87.0","2017-10-24",,"58",,"50"
"KSM00047108","SEOUL CITY, KS","37.567","126.967","87.0","2017-10-25",,"58",,"49"
"KSM00047108","SEOUL CITY, KS","37.567","126.967","87.0","2017-10-26",,"59",,"51"
"KSM00047108","SEOUL CITY, KS","37.567","126.967","87.0","2017-10-27",,"62",,
"KSM00047108","SEOUL CITY, KS","37.567","126.967","87.0","2017-10-28",,"63",,"51"
"KSM00047108","SEOUL CITY, KS","37.567","126.967","87.0","2017-10-29",,"49",,
"KSM00047108","SEOUL CITY, KS","37.567","126.967","87.0","2017-10-30",,"46",,"36"
"KSM00047108","SEOUL CITY, KS","37.567","126.967","87.0","2017-10-31",,"54",,"38"
"KSM00047108","SEOUL CITY, KS","37.567","126.967","87.0","2017-11-01",,"59",,"53"
"KSM00047108","SEOUL CITY, KS","37.567","126.967","87.0","2017-11-02",,"60",,"57"
"KSM00047108","SEOUL CITY, KS","37.567","126.967","87.0","2017-11-03","0.06","50",,
"KSM00047108","SEOUL CITY, KS","37.567","126.967","87.0","2017-11-04","0.04","45",,
"KSM00047108","SEOUL CITY, KS","37.567","126.967","87.0","2017-11-05","0.00","49",,"37"
"KSM00047108","SEOUL CITY, KS","37.567","126.967","87.0","2017-11-06",,"53",,"46"
"KSM00047108","SEOUL CITY, KS","37.567","126.967","87.0","2017-11-07",,"60",,"49"
"KSM00047108","SEOUL CITY, KS","37.567","126.967","87.0","2017-11-08",,"51",,
"KSM00047108","SEOUL CITY, KS","37.567","126.967","87.0","2017-11-09",,"50",,"39"
"KSM00047108","SEOUL CITY, KS","37.567","126.967","87.0","2017-11-10",,"48",,
"KSM00047108","SEOUL CITY, KS","37.567","126.967","87.0","2017-11-11","0.30","41",,
"KSM00047108","SEOUL CITY, KS","37.567","126.967","87.0","2017-11-12","0.00","43",,"33"
"KSM00047108","SEOUL CITY, KS","37.567","126.967","87.0","2017-11-13",,"49",,"38"
"KSM00047108","SEOUL CITY, KS","37.567","126.967","87.0","2017-11-14","0.18","43",,
"KSM00047108","SEOUL CITY, KS","37.567","126.967","87.0","2017-11-15","0.00","35",,
"KSM00047108","SEOUL CITY, KS","37.567","126.967","87.0","2017-11-16",,"35",,"26"
"KSM00047108","SEOUL CITY, KS","37.567","126.967","87.0","2017-11-17",,"37",,
"KSM00047108","SEOUL CITY, KS","37.567","126.967","87.0","2017-11-18",,"26",,
"KSM00047108","SEOUL CITY, KS","37.567","126.967","87.0","2017-11-19",,"31",,"20"
"KSM00047108","SEOUL CITY, KS","37.567","126.967","87.0","2017-11-20",,"31",,"25"
"KSM00047108","SEOUL CITY, KS","37.567","126.967","87.0","2017-11-21",,"37",,"24"
"KSM00047108","SEOUL CITY, KS","37.567","126.967","87.0","2017-11-22","0.02","38",,
"KSM00047108","SEOUL CITY, KS","37.567","126.967","87.0","2017-11-23","0.00","34",,"27"
"KSM00047108","SEOUL CITY, KS","37.567","126.967","87.0","2017-11-24","0.05","31",,
"KSM00047108","SEOUL CITY, KS","37.567","126.967","87.0","2017-11-25","0.00","40",,"26"
"KSM00047108","SEOUL CITY, KS","37.567","126.967","87.0","2017-11-26",,"36","46",
"KSM00047108","SEOUL CITY, KS","37.567","126.967","87.0","2017-11-27",,"38",,"27"
"KSM00047108","SEOUL CITY, KS","37.567","126.967","87.0","2017-11-28",,"46",,"34"
"KSM00047108","SEOUL CITY, KS","37.567","126.967","87.0","2017-11-29","0.02","33",,
"KSM00047108","SEOUL CITY, KS","37.567","126.967","87.0","2017-11-30","0.00","26",,
"KSM00047108","SEOUL CITY, KS","37.567","126.967","87.0","2017-12-01",,"29",,"18"
"KSM00047108","SEOUL CITY, KS","37.567","126.967","87.0","2017-12-02",,"39",,"24"
"KSM00047108","SEOUL CITY, KS","37.567","126.967","87.0","2017-12-03","0.16","40",,
"KSM00047108","SEOUL CITY, KS","37.567","126.967","87.0","2017-12-04","0.00","26",,
"KSM00047108","SEOUL CITY, KS","37.567","126.967","87.0","2017-12-05","0.00","26",,"17"
"KSM00047108","SEOUL CITY, KS","37.567","126.967","87.0","2017-12-06","0.01","35",,"24"
"KSM00047108","SEOUL CITY, KS","37.567","126.967","87.0","2017-12-07","0.04","30",,
"KSM00047108","SEOUL CITY, KS","37.567","126.967","87.0","2017-12-08","0.00","26",,"19"
"KSM00047108","SEOUL CITY, KS","37.567","126.967","87.0","2017-12-09",,"33",,"22"
"KSM00047108","SEOUL CITY, KS","37.567","126.967","87.0","2017-12-10","0.16","32",,
"KSM00047108","SEOUL CITY, KS","37.567","126.967","87.0","2017-12-11","0.00","17",,
"KSM00047108","SEOUL CITY, KS","37.567","126.967","87.0","2017-12-12",,"15",,"10"
"KSM00047108","SEOUL CITY, KS","37.567","126.967","87.0","2017-12-13",,"17",,"10"
"KSM00047108","SEOUL CITY, KS","37.567","126.967","87.0","2017-12-14",,"22",,"12"
"KSM00047108","SEOUL CITY, KS","37.567","126.967","87.0","2017-12-15",,"27",,"18"
"KSM00047108","SEOUL CITY, KS","37.567","126.967","87.0","2017-12-16",,"20",,
"KSM00047108","SEOUL CITY, KS","37.567","126.967","87.0","2017-12-17",,"22",,"13"
"KSM00047108","SEOUL CITY, KS","37.567","126.967","87.0","2017-12-18","0.09","30",,"21"
"KSM00047108","SEOUL CITY, KS","37.567","126.967","87.0","2017-12-19","0.04","23",,
"KSM00047108","SEOUL CITY, KS","37.567","126.967","87.0","2017-12-20","0.00","27",,"17"
"KSM00047108","SEOUL CITY, KS","37.567","126.967","87.0","2017-12-21","0.01","32",,"22"
"KSM00047108","SEOUL CITY, KS","37.567","126.967","87.0","2017-12-22","0.00","41",,"29"
"KSM00047108","SEOUL CITY, KS","37.567","126.967","87.0","2017-12-23",,"43",,"41"
"KSM00047108","SEOUL CITY, KS","37.567","126.967","87.0","2017-12-24","0.26","34",,
"KSM00047108","SEOUL CITY, KS","37.567","126.967","87.0","2017-12-25","0.53","29",,"23"
"KSM00047108","SEOUL CITY, KS","37.567","126.967","87.0","2017-12-26","0.00","22",,
"KSM00047108","SEOUL CITY, KS","37.567","126.967","87.0","2017-12-27",,"21",,"13"
"KSM00047108","SEOUL CITY, KS","37.567","126.967","87.0","2017-12-28",,"31",,"20"
"KSM00047108","SEOUL CITY, KS","37.567","126.967","87.0","2017-12-29",,"35",,
"KSM00047108","SEOUL CITY, KS","37.567","126.967","87.0","2017-12-30",,"35",,"30"
"KSM00047108","SEOUL CITY, KS","37.567","126.967","87.0","2017-12-31","0.07","30",,
"KSM00047108","SEOUL CITY, KS","37.567","126.967","87.0","2018-01-01",,"30",,"23"
"KSM00047108","SEOUL CITY, KS","37.567","126.967","87.0","2018-01-02",,"27",,
"KSM00047108","SEOUL CITY, KS","37.567","126.967","87.0","2018-01-03",,"23",,
"KSM00047108","SEOUL CITY, KS","37.567","126.967","87.0","2018-01-04",,"25",,"16"
"KSM00047108","SEOUL CITY, KS","37.567","126.967","87.0","2018-01-05",,"26",,
"KSM00047108","SEOUL CITY, KS","37.567","126.967","87.0","2018-01-06",,"27",,"20"
"KSM00047108","SEOUL CITY, KS","37.567","126.967","87.0","2018-01-07",,"33",,"22"
"KSM00047108","SEOUL CITY, KS","37.567","126.967","87.0","2018-01-08","0.39","32",,
"KSM00047108","SEOUL CITY, KS","37.567","126.967","87.0","2018-01-09","0.04","23",,
"KSM00047108","SEOUL CITY, KS","37.567","126.967","87.0","2018-01-10","0.03","17",,
"KSM00047108","SEOUL CITY, KS","37.567","126.967","87.0","2018-01-11","0.00","11",,
"KSM00047108","SEOUL CITY, KS","37.567","126.967","87.0","2018-01-12",,"17",,"4"
"KSM00047108","SEOUL CITY, KS","37.567","126.967","87.0","2018-01-13","0.01","25",,"20"
"KSM00047108","SEOUL CITY, KS","37.567","126.967","87.0","2018-01-14","0.01","37",,"24"
"KSM00047108","SEOUL CITY, KS","37.567","126.967","87.0","2018-01-15","0.01","39",,
"KSM00047108","SEOUL CITY, KS","37.567","126.967","87.0","2018-01-16","0.00","39",,"32"
"KSM00047108","SEOUL CITY, KS","37.567","126.967","87.0","2018-01-17",,"40",,
"KSM00047108","SEOUL CITY, KS","37.567","126.967","87.0","2018-01-18",,"34",,
"KSM00047108","SEOUL CITY, KS","37.567","126.967","87.0","2018-01-19",,"34",,"27"
"KSM00047108","SEOUL CITY, KS","37.567","126.967","87.0","2018-01-20",,"35",,
"KSM00047108","SEOUL CITY, KS","37.567","126.967","87.0","2018-01-21",,"34",,"25"
"KSM00047108","SEOUL CITY, KS","37.567","126.967","87.0","2018-01-22",,"28",,
"KSM00047108","SEOUL CITY, KS","37.567","126.967","87.0","2018-01-23","0.13","9",,
"KSM00047108","SEOUL CITY, KS","37.567","126.967","87.0","2018-01-24","0.00","6",,"3"
"KSM00047108","SEOUL CITY, KS","37.567","126.967","87.0","2018-01-25",,"7",,
"KSM00047108","SEOUL CITY, KS","37.567","126.967","87.0","2018-01-26",,"6",,"0"
"KSM00047108","SEOUL CITY, KS","37.567","126.967","87.0","2018-01-27",,"18",,"3"
"KSM00047108","SEOUL CITY, KS","37.567","126.967","87.0","2018-01-28",,"20",,
"KSM00047108","SEOUL CITY, KS","37.567","126.967","87.0","2018-01-29",,"16",,"11"
"KSM00047108","SEOUL CITY, KS","37.567","126.967","87.0","2018-01-30",,"26",,"11"
"KSM00047108","SEOUL CITY, KS","37.567","126.967","87.0","2018-01-31","0.11","25",,
"KSM00047108","SEOUL CITY, KS","37.567","126.967","87.0","2018-02-01","0.00","25",,"16"
"KSM00047108","SEOUL CITY, KS","37.567","126.967","87.0","2018-02-02",,"28",,
"KSM00047108","SEOUL CITY, KS","37.567","126.967","87.0","2018-02-03","0.02","17",,
"KSM00047108","SEOUL CITY, KS","37.567","126.967","87.0","2018-02-04","0.00","15",,"9"
"KSM00047108","SEOUL CITY, KS","37.567","126.967","87.0","2018-02-05",,"15",,
"KSM00047108","SEOUL CITY, KS","37.567","126.967","87.0","2018-02-06",,"13",,
"KSM00047108","SEOUL CITY, KS","37.567","126.967","87.0","2018-02-07",,"19",,"8"
"KSM00047108","SEOUL CITY, KS","37.567","126.967","87.0","2018-02-08",,"26",,"15"
"KSM00047108","SEOUL CITY, KS","37.567","126.967","87.0","2018-02-09",,"36",,"22"
"KSM00047108","SEOUL CITY, KS","37.567","126.967","87.0","2018-02-10",,"27",,
"KSM00047108","SEOUL CITY, KS","37.567","126.967","87.0","2018-02-11",,"21",,"15"
"KSM00047108","SEOUL CITY, KS","37.567","126.967","87.0","2018-02-12",,"23",,"15"
"KSM00047108","SEOUL CITY, KS","37.567","126.967","87.0","2018-02-13",,"34",,"19"
"KSM00047108","SEOUL CITY, KS","37.567","126.967","87.0","2018-02-14",,"37",,
"KSM00047108","SEOUL CITY, KS","37.567","126.967","87.0","2018-02-15",,"30",,
"KSM00047108","SEOUL CITY, KS","37.567","126.967","87.0","2018-02-16",,"30",,
"KSM00047108","SEOUL CITY, KS","37.567","126.967","87.0","2018-02-17",,"27",,"19"
"KSM00047108","SEOUL CITY, KS","37.567","126.967","87.0","2018-02-18",,"33",,"23"
"KSM00047108","SEOUL CITY, KS","37.567","126.967","87.0","2018-02-19",,"35",,
"KSM00047108","SEOUL CITY, KS","37.567","126.967","87.0","2018-02-20",,"33",,
"KSM00047108","SEOUL CITY, KS","37.567","126.967","87.0","2018-02-21",,"31",,"24"
"KSM00047108","SEOUL CITY, KS","37.567","126.967","87.0","2018-02-22",,"36",,"25"
"KSM00047108","SEOUL CITY, KS","37.567","126.967","87.0","2018-02-23","0.16","40",,"31"
"KSM00047108","SEOUL CITY, KS","37.567","126.967","87.0","2018-02-24","0.00","35",,
"KSM00047108","SEOUL CITY, KS","37.567","126.967","87.0","2018-02-25",,"35",,
"KSM00047108","SEOUL CITY, KS","37.567","126.967","87.0","2018-02-26",,"39",,"26"
"KSM00047108","SEOUL CITY, KS","37.567","126.967","87.0","2018-02-27",,"42",,"33"
"KSM00047108","SEOUL CITY, KS","37.567","126.967","87.0","2018-02-28",,"39",,
"KSM00047108","SEOUL CITY, KS","37.567","126.967","87.0","2018-03-01","1.00","28",,
"KSM00047108","SEOUL CITY, KS","37.567","126.967","87.0","2018-03-02","0.00","34",,"20"
"KSM00047108","SEOUL CITY, KS","37.567","126.967","87.0","2018-03-03",,"50",,"32"
"KSM00047108","SEOUL CITY, KS","37.567","126.967","87.0","2018-03-04","0.02","48",,
"KSM00047108","SEOUL CITY, KS","37.567","126.967","87.0","2018-03-05","0.57","39",,
"KSM00047108","SEOUL CITY, KS","37.567","126.967","87.0","2018-03-06","0.00","41",,"30"
"KSM00047108","SEOUL CITY, KS","37.567","126.967","87.0","2018-03-07",,"44",,"36"
"KSM00047108","SEOUL CITY, KS","37.567","126.967","87.0","2018-03-08","0.18","40",,
"KSM00047108","SEOUL CITY, KS","37.567","126.967","87.0","2018-03-09","0.00","39",,
"KSM00047108","SEOUL CITY, KS","37.567","126.967","87.0","2018-03-10",,"42",,"33"
"KSM00047108","SEOUL CITY, KS","37.567","126.967","87.0","2018-03-11",,"43",,
"KSM00047108","SEOUL CITY, KS","37.567","126.967","87.0","2018-03-12",,"48",,"36"
"KSM00047108","SEOUL CITY, KS","37.567","126.967","87.0","2018-03-13",,"58",,"41"
"KSM00047108","SEOUL CITY, KS","37.567","126.967","87.0","2018-03-14",,"63",,"56"
"KSM00047108","SEOUL CITY, KS","37.567","126.967","87.0","2018-03-15","0.98","50",,
"KSM00047108","SEOUL CITY, KS","37.567","126.967","87.0","2018-03-16","0.08","43",,
"KSM00047108","SEOUL CITY, KS","37.567","126.967","87.0","2018-03-17","0.00","46",,"33"
"KSM00047108","SEOUL CITY, KS","37.567","126.967","87.0","2018-03-18",,"47",,"42"
"KSM00047108","SEOUL CITY, KS","37.567","126.967","87.0","2018-03-19","0.06","45",,
"KSM00047108","SEOUL CITY, KS","37.567","126.967","87.0","2018-03-20","0.00","39",,
"KSM00047108","SEOUL CITY, KS","37.567","126.967","87.0","2018-03-21",,"36",,
"KSM00047108","SEOUL CITY, KS","37.567","126.967","87.0","2018-03-22","0.04","41",,"33"
"KSM00047108","SEOUL CITY, KS","37.567","126.967","87.0","2018-03-23","0.00","44",,"35"
"KSM00047108","SEOUL CITY, KS","37.567","126.967","87.0","2018-03-24",,"46",,"39"
"KSM00047108","SEOUL CITY, KS","37.567","126.967","87.0","2018-03-25",,"50",,"40"
"KSM00047108","SEOUL CITY, KS","37.567","126.967","87.0","2018-03-26",,"53",,"42"
"KSM00047108","SEOUL CITY, KS","37.567","126.967","87.0","2018-03-27",,"57",,"46"
"KSM00047108","SEOUL CITY, KS","37.567","126.967","87.0","2018-03-28",,"58",,"49"
"KSM00047108","SEOUL CITY, KS","37.567","126.967","87.0","2018-03-29",,"59",,
"KSM00047108","SEOUL CITY, KS","37.567","126.967","87.0","2018-03-30",,"58",,
"KSM00047108","SEOUL CITY, KS","37.567","126.967","87.0","2018-03-31",,"58",,"49"
"KSM00047108","SEOUL CITY, KS","37.567","126.967","87.0","2018-04-01",,"62",,"53"
"KSM00047108","SEOUL CITY, KS","37.567","126.967","87.0","2018-04-02",,"66",,"59"
"KSM00047108","SEOUL CITY, KS","37.567","126.967","87.0","2018-04-03",,"62",,
"KSM00047108","SEOUL CITY, KS","37.567","126.967","87.0","2018-04-04","0.73","54",,
"KSM00047108","SEOUL CITY, KS","37.567","126.967","87.0","2018-04-05","0.16","45",,
"KSM00047108","SEOUL CITY, KS","37.567","126.967","87.0","2018-04-06","0.51","40",,
"KSM00047108","SEOUL CITY, KS","37.567","126.967","87.0","2018-04-07","0.01","40",,
"KSM00047108","SEOUL CITY, KS","37.567","126.967","87.0","2018-04-08","0.00","39",,
"KSM00047108","SEOUL CITY, KS","37.567","126.967","87.0","2018-04-09","0.12","49",,"32"
"KSM00047108","SEOUL CITY, KS","37.567","126.967","87.0","2018-04-10","0.00","60",,"44"
"KSM00047108","SEOUL CITY, KS","37.567","126.967","87.0","2018-04-11",,"53","63",
"KSM00047108","SEOUL CITY, KS","37.567","126.967","87.0","2018-04-12",,"57",,"44"
"KSM00047108","SEOUL CITY, KS","37.567","126.967","87.0","2018-04-13",,"59",,"47"
"KSM00047108","SEOUL CITY, KS","37.567","126.967","87.0","2018-04-14","0.26","46",,
"KSM00047108","SEOUL CITY, KS","37.567","126.967","87.0","2018-04-15","0.10","49",,
"KSM00047108","SEOUL CITY, KS","37.567","126.967","87.0","2018-04-16","0.00","54",,"41"
"KSM00047108","SEOUL CITY, KS","37.567","126.967","87.0","2018-04-17",,"55",,
"KSM00047108","SEOUL CITY, KS","37.567","126.967","87.0","2018-04-18",,"55",,"43"
"KSM00047108","SEOUL CITY, KS","37.567","126.967","87.0","2018-04-19",,"59",,"45"
"KSM00047108","SEOUL CITY, KS","37.567","126.967","87.0","2018-04-20",,"66",,"52"
"KSM00047108","SEOUL CITY, KS","37.567","126.967","87.0","2018-04-21",,"66",,"54"
"KSM00047108","SEOUL CITY, KS","37.567","126.967","87.0","2018-04-22",,"58",,
"KSM00047108","SEOUL CITY, KS","37.567","126.967","87.0","2018-04-23","1.93","49",,"47"
"KSM00047108","SEOUL CITY, KS","37.567","126.967","87.0","2018-04-24","1.12","52",,
"KSM00047108","SEOUL CITY, KS","37.567","126.967","87.0","2018-04-25","0.00","60",,"42"
"KSM00047108","SEOUL CITY, KS","37.567","126.967","87.0","2018-04-26",,"59",,"50"
"KSM00047108","SEOUL CITY, KS","37.567","126.967","87.0","2018-04-27",,"60",,"49"
"KSM00047108","SEOUL CITY, KS","37.567","126.967","87.0","2018-04-28",,"59",,
"KSM00047108","SEOUL CITY, KS","37.567","126.967","87.0","2018-04-29",,"63",,"49"
"KSM00047108","SEOUL CITY, KS","37.567","126.967","87.0","2018-04-30",,"68",,"57"
"KSM00047108","SEOUL CITY, KS","37.567","126.967","87.0","2018-05-01",,"69",,"64"
"KSM00047108","SEOUL CITY, KS","37.567","126.967","87.0","2018-05-02","0.06","54",,
"KSM00047108","SEOUL CITY, KS","37.567","126.967","87.0","2018-05-03","0.41","53",,"44"
"KSM00047108","SEOUL CITY, KS","37.567","126.967","87.0","2018-05-04","0.04","59",,"48"
"KSM00047108","SEOUL CITY, KS","37.567","126.967","87.0","2018-05-05","0.00","67",,"53"
"KSM00047108","SEOUL CITY, KS","37.567","126.967","87.0","2018-05-06","0.55","61",,
"KSM00047108","SEOUL CITY, KS","37.567","126.967","87.0","2018-05-07","0.31","67",,"57"
"KSM00047108","SEOUL CITY, KS","37.567","126.967","87.0","2018-05-08","0.00","61",,
"KSM00047108","SEOUL CITY, KS","37.567","126.967","87.0","2018-05-09",,"61",,"49"
"KSM00047108","SEOUL CITY, KS","37.567","126.967","87.0","2018-05-10",,"60",,"52"
"KSM00047108","SEOUL CITY, KS","37.567","126.967","87.0","2018-05-11",,"62",,"53"
"KSM00047108","SEOUL CITY, KS","37.567","126.967","87.0","2018-05-12","0.18","57",,
"KSM00047108","SEOUL CITY, KS","37.567","126.967","87.0","2018-05-13","1.10","60",,
"KSM00047108","SEOUL CITY, KS","37.567","126.967","87.0","2018-05-14","0.00","67",,"53"
"KSM00047108","SEOUL CITY, KS","37.567","126.967","87.0","2018-05-15",,"77",,"60"
"KSM00047108","SEOUL CITY, KS","37.567","126.967","87.0","2018-05-16","0.28","71",,
"KSM00047108","SEOUL CITY, KS","37.567","126.967","87.0","2018-05-17","3.33","69",,
"KSM00047108","SEOUL CITY, KS","37.567","126.967","87.0","2018-05-18","1.67","58",,
"KSM00047108","SEOUL CITY, KS","37.567","126.967","87.0","2018-05-19","0.02","65",,"51"
"KSM00047108","SEOUL CITY, KS","37.567","126.967","87.0","2018-05-20","0.00","62",,"53"
"KSM00047108","SEOUL CITY, KS","37.567","126.967","87.0","2018-05-21",,"65",,"52"
"KSM00047108","SEOUL CITY, KS","37.567","126.967","87.0","2018-05-22",,"64",,
"KSM00047108","SEOUL CITY, KS","37.567","126.967","87.0","2018-05-23","0.75","62",,
"KSM00047108","SEOUL CITY, KS","37.567","126.967","87.0","2018-05-24","0.00","66",,"52"
"KSM00047108","SEOUL CITY, KS","37.567","126.967","87.0","2018-05-25",,"67",,"57"
"KSM00047108","SEOUL CITY, KS","37.567","126.967","87.0","2018-05-26",,"73",,"57"
"KSM00047108","SEOUL CITY, KS","37.567","126.967","87.0","2018-05-27",,"68",,
"KSM00047108","SEOUL CITY, KS","37.567","126.967","87.0","2018-05-28",,"73",,"61"
"KSM00047108","SEOUL CITY, KS","37.567","126.967","87.0","2018-05-29",,"70",,
"KSM00047108","SEOUL CITY, KS","37.567","126.967","87.0","2018-05-30","0.04","67",,
"KSM00047108","SEOUL CITY, KS","37.567","126.967","87.0","2018-05-31","0.00","71",,"58"
"KSM00047108","SEOUL CITY, KS","37.567","126.967","87.0","2018-06-01",,"75",,"63"
"KSM00047108","SEOUL CITY, KS","37.567","126.967","87.0","2018-06-02",,"74",,
"KSM00047108","SEOUL CITY, KS","37.567","126.967","87.0","2018-06-03",,"76",,"62"
"KSM00047108","SEOUL CITY, KS","37.567","126.967","87.0","2018-06-04",,"72",,
"KSM00047108","SEOUL CITY, KS","37.567","126.967","87.0","2018-06-05",,"75",,"64"
"KSM00047108","SEOUL CITY, KS","37.567","126.967","87.0","2018-06-06",,"73",,
"KSM00047108","SEOUL CITY, KS","37.567","126.967","87.0","2018-06-07",,"72",,"64"
"KSM00047108","SEOUL CITY, KS","37.567","126.967","87.0","2018-06-08",,"71",,"65"
"KSM00047108","SEOUL CITY, KS","37.567","126.967","87.0","2018-06-09",,"74",,
"KSM00047108","SEOUL CITY, KS","37.567","126.967","87.0","2018-06-10","0.04","70",,"65"
"KSM00047108","SEOUL CITY, KS","37.567","126.967","87.0","2018-06-11","0.00","68",,
"KSM00047108","SEOUL CITY, KS","37.567","126.967","87.0","2018-06-12","0.20","71",,"62"
"KSM00047108","SEOUL CITY, KS","37.567","126.967","87.0","2018-06-13","0.00","72",,"65"
"KSM00047108","SEOUL CITY, KS","37.567","126.967","87.0","2018-06-14","1.10","70",,
"KSM00047108","SEOUL CITY, KS","37.567","126.967","87.0","2018-06-15","0.69","71",,
"KSM00047108","SEOUL CITY, KS","37.567","126.967","87.0","2018-06-16","0.00","74",,"61"
"KSM00047108","SEOUL CITY, KS","37.567","126.967","87.0","2018-06-17",,"73",,"66"
"KSM00047108","SEOUL CITY, KS","37.567","126.967","87.0","2018-06-18",,"76",,
"KSM00047108","SEOUL CITY, KS","37.567","126.967","87.0","2018-06-19",,"72",,"66"
"KSM00047108","SEOUL CITY, KS","37.567","126.967","87.0","2018-06-20",,"73",,"66"
"KSM00047108","SEOUL CITY, KS","37.567","126.967","87.0","2018-06-21",,"74",,
"KSM00047108","SEOUL CITY, KS","37.567","126.967","87.0","2018-06-22",,"78",,"65"
"KSM00047108","SEOUL CITY, KS","37.567","126.967","87.0","2018-06-23",,"76",,
"KSM00047108","SEOUL CITY, KS","37.567","126.967","87.0","2018-06-24",,"78",,"68"
"KSM00047108","SEOUL CITY, KS","37.567","126.967","87.0","2018-06-25",,"82",,"70"
"KSM00047108","SEOUL CITY, KS","37.567","126.967","87.0","2018-06-26","0.47","70",,
"KSM00047108","SEOUL CITY, KS","37.567","126.967","87.0","2018-06-27","0.00","74","78","66"
"KSM00047108","SEOUL CITY, KS","37.567","126.967","87.0","2018-06-28","0.00","74",,
"KSM00047108","SEOUL CITY, KS","37.567","126.967","87.0","2018-06-29","1.30","77",,"71"
"KSM00047108","SEOUL CITY, KS","37.567","126.967","87.0","2018-06-30","0.00","76",,"71"
"KSM00047108","SEOUL CITY, KS","37.567","126.967","87.0","2018-07-01","0.70","71",,
"KSM00047108","SEOUL CITY, KS","37.567","126.967","87.0","2018-07-02",,"74",,"69"
"KSM00047108","SEOUL CITY, KS","37.567","126.967","87.0","2018-07-03","1.56","82",,"72"
"KSM00047108","SEOUL CITY, KS","37.567","126.967","87.0","2018-07-04","0.00","81","89",
"KSM00047108","SEOUL CITY, KS","37.567","126.967","87.0","2018-07-05","0.02","77","84",
"KSM00047108","SEOUL CITY, KS","37.567","126.967","87.0","2018-07-06",,"74","81",
"KSM00047108","SEOUL CITY, KS","37.567","126.967","87.0","2018-07-07",,"74",,
"KSM00047108","SEOUL CITY, KS","37.567","126.967","87.0","2018-07-08",,"75",,"64"
"KSM00047108","SEOUL CITY, KS","37.567","126.967","87.0","2018-07-09","0.01","69",,
"KSM00047108","SEOUL CITY, KS","37.567","126.967","87.0","2018-07-10","1.15","76",,"69"
"KSM00047108","SEOUL CITY, KS","37.567","126.967","87.0","2018-07-11","0.14","81",,"76"
"KSM00047108","SEOUL CITY, KS","37.567","126.967","87.0","2018-07-12","0.04","79",,
"KSM00047108","SEOUL CITY, KS","37.567","126.967","87.0","2018-07-13","0.02","81",,
"KSM00047108","SEOUL CITY, KS","37.567","126.967","87.0","2018-07-14","0.00","82",,"76"
"KSM00047108","SEOUL CITY, KS","37.567","126.967","87.0","2018-07-15",,"83",,
"KSM00047108","SEOUL CITY, KS","37.567","126.967","87.0","2018-07-16",,"84",,"75"
"KSM00047108","SEOUL CITY, KS","37.567","126.967","87.0","2018-07-17",,"82",,
"KSM00047108","SEOUL CITY, KS","37.567","126.967","87.0","2018-07-18",,"83",,
"KSM00047108","SEOUL CITY, KS","37.567","126.967","87.0","2018-07-19",,"84",,"74"
"KSM00047108","SEOUL CITY, KS","37.567","126.967","87.0","2018-07-20",,"85",,"76"
"KSM00047108","SEOUL CITY, KS","37.567","126.967","87.0","2018-07-21",,"87",,"77"
"KSM00047108","SEOUL CITY, KS","37.567","126.967","87.0","2018-07-22",,"91",,"78"
"KSM00047108","SEOUL CITY, KS","37.567","126.967","87.0","2018-07-23",,"88",,
"KSM00047108","SEOUL CITY, KS","37.567","126.967","87.0","2018-07-24",,"89",,"81"
"KSM00047108","SEOUL CITY, KS","37.567","126.967","87.0","2018-07-25",,"86",,
"KSM00047108","SEOUL CITY, KS","37.567","126.967","87.0","2018-07-26",,"86",,
"KSM00047108","SEOUL CITY, KS","37.567","126.967","87.0","2018-07-27",,"88",,"81"
"KSM00047108","SEOUL CITY, KS","37.567","126.967","87.0","2018-07-28",,"85",,
"KSM00047108","SEOUL CITY, KS","37.567","126.967","87.0","2018-07-29","0.30","88",,
"KSM00047108","SEOUL CITY, KS","37.567","126.967","87.0","2018-07-30","0.00","90",,"79"
"KSM00047108","SEOUL CITY, KS","37.567","126.967","87.0","2018-07-31",,"90",,
"KSM00047108","SEOUL CITY, KS","37.567","126.967","87.0","2018-08-01",,"93",,"82"
"KSM00047108","SEOUL CITY, KS","37.567","126.967","87.0","2018-08-02",,"93",,"87"
"KSM00047108","SEOUL CITY, KS","37.567","126.967","87.0","2018-08-03",,"91",,
"KSM00047108","SEOUL CITY, KS","37.567","126.967","87.0","2018-08-04",,"87",,
"KSM00047108","SEOUL CITY, KS","37.567","126.967","87.0","2018-08-05","0.08","86",,"81"
"KSM00047108","SEOUL CITY, KS","37.567","126.967","87.0","2018-08-06","0.18","86",,
"KSM00047108","SEOUL CITY, KS","37.567","126.967","87.0","2018-08-07","0.08","87",,"80"
"KSM00047108","SEOUL CITY, KS","37.567","126.967","87.0","2018-08-08","0.00","88",,"82"
"KSM00047108","SEOUL CITY, KS","37.567","126.967","87.0","2018-08-09",,"83",,
"KSM00047108","SEOUL CITY, KS","37.567","126.967","87.0","2018-08-10","0.08","88",,"78"
"KSM00047108","SEOUL CITY, KS","37.567","126.967","87.0","2018-08-11","0.00","88",,"80"
"KSM00047108","SEOUL CITY, KS","37.567","126.967","87.0","2018-08-12",,"87",,
"KSM00047108","SEOUL CITY, KS","37.567","126.967","87.0","2018-08-13","0.24","87",,"80"
"KSM00047108","SEOUL CITY, KS","37.567","126.967","87.0","2018-08-14","0.00","89",,"82"
"KSM00047108","SEOUL CITY, KS","37.567","126.967","87.0","2018-08-15",,"89",,
"KSM00047108","SEOUL CITY, KS","37.567","126.967","87.0","2018-08-16","0.04","83",,
"KSM00047108","SEOUL CITY, KS","37.567","126.967","87.0","2018-08-17","0.00","81",,
"KSM00047108","SEOUL CITY, KS","37.567","126.967","87.0","2018-08-18",,"80",,"71"
"KSM00047108","SEOUL CITY, KS","37.567","126.967","87.0","2018-08-19",,"84",,"73"
"KSM00047108","SEOUL CITY, KS","37.567","126.967","87.0","2018-08-20",,"84",,
"KSM00047108","SEOUL CITY, KS","37.567","126.967","87.0","2018-08-21","0.20","79",,"74"
"KSM00047108","SEOUL CITY, KS","37.567","126.967","87.0","2018-08-22","0.00","90",,"74"
"KSM00047108","SEOUL CITY, KS","37.567","126.967","87.0","2018-08-23","0.00","83",,
"KSM00047108","SEOUL CITY, KS","37.567","126.967","87.0","2018-08-24","0.27","75",,
"KSM00047108","SEOUL CITY, KS","37.567","126.967","87.0","2018-08-25","0.14","76",,
"KSM00047108","SEOUL CITY, KS","37.567","126.967","87.0","2018-08-26","0.00","74",,
"KSM00047108","SEOUL CITY, KS","37.567","126.967","87.0","2018-08-27","0.65","74",,"68"
"KSM00047108","SEOUL CITY, KS","37.567","126.967","87.0","2018-08-28","0.20","76",,"72"
"KSM00047108","SEOUL CITY, KS","37.567","126.967","87.0","2018-08-29","3.82","77",,"73"
"KSM00047108","SEOUL CITY, KS","37.567","126.967","87.0","2018-08-30","1.99","77",,
"KSM00047108","SEOUL CITY, KS","37.567","126.967","87.0","2018-08-31","0.02","77",,
"KSM00047108","SEOUL CITY, KS","37.567","126.967","87.0","2018-09-01","0.00","78",,
"KSM00047108","SEOUL CITY, KS","37.567","126.967","87.0","2018-09-02",,"79",,"68"
"KSM00047108","SEOUL CITY, KS","37.567","126.967","87.0","2018-09-03","0.08","72",,
"KSM00047108","SEOUL CITY, KS","37.567","126.967","87.0","2018-09-04","1.28","74",,
"KSM00047108","SEOUL CITY, KS","37.567","126.967","87.0","2018-09-05","0.00","76",,"67"
"KSM00047108","SEOUL CITY, KS","37.567","126.967","87.0","2018-09-06",,"75",,
"KSM00047108","SEOUL CITY, KS","37.567","126.967","87.0","2018-09-07","0.06","70",,
"KSM00047108","SEOUL CITY, KS","37.567","126.967","87.0","2018-09-08","0.00","71",,
"KSM00047108","SEOUL CITY, KS","37.567","126.967","87.0","2018-09-09",,"73",,"60"
"KSM00047108","SEOUL CITY, KS","37.567","126.967","87.0","2018-09-10",,"73",,
"KSM00047108","SEOUL CITY, KS","37.567","126.967","87.0","2018-09-11",,"71",,"62"
"KSM00047108","SEOUL CITY, KS","37.567","126.967","87.0","2018-09-12",,"74",,"62"
"KSM00047108","SEOUL CITY, KS","37.567","126.967","87.0","2018-09-13",,"74",,"69"
"KSM00047108","SEOUL CITY, KS","37.567","126.967","87.0","2018-09-14",,"74",,"69"
"KSM00047108","SEOUL CITY, KS","37.567","126.967","87.0","2018-09-15","0.03","74","79","70"
"KSM00047108","SEOUL CITY, KS","37.567","126.967","87.0","2018-09-16",,"71","75",
"KSM00047108","SEOUL CITY, KS","37.567","126.967","87.0","2018-09-17","0.00","71","82",
"KSM00047108","SEOUL CITY, KS","37.567","126.967","87.0","2018-09-18",,"72",,
"KSM00047108","SEOUL CITY, KS","37.567","126.967","87.0","2018-09-19",,"72","80",
"KSM00047108","SEOUL CITY, KS","37.567","126.967","87.0","2018-09-20","0.15","66",,
"KSM00047108","SEOUL CITY, KS","37.567","126.967","87.0","2018-09-21","0.69","67",,"64"
"KSM00047108","SEOUL CITY, KS","37.567","126.967","87.0","2018-09-22","0.33","68",,
"KSM00047108","SEOUL CITY, KS","37.567","126.967","87.0","2018-09-23","0.00","66",,
"KSM00047108","SEOUL CITY, KS","37.567","126.967","87.0","2018-09-24",,"62",,
"KSM00047108","SEOUL CITY, KS","37.567","126.967","87.0","2018-09-25",,"66",,"51"
"KSM00047108","SEOUL CITY, KS","37.567","126.967","87.0","2018-09-26",,"66",,
"KSM00047108","SEOUL CITY, KS","37.567","126.967","87.0","2018-09-27",,"66",,"56"
"KSM00047108","SEOUL CITY, KS","37.567","126.967","87.0","2018-09-28",,"64",,"58"
"KSM00047108","SEOUL CITY, KS","37.567","126.967","87.0","2018-09-29",,"69",,"58"
"KSM00047108","SEOUL CITY, KS","37.567","126.967","87.0","2018-09-30",,"62",,
"KSM00047108","SEOUL CITY, KS","37.567","126.967","87.0","2018-10-01",,"59",,
"KSM00047108","SEOUL CITY, KS","37.567","126.967","87.0","2018-10-02",,"61",,"51"
"KSM00047108","SEOUL CITY, KS","37.567","126.967","87.0","2018-10-03",,"64",,"52"
"KSM00047108","SEOUL CITY, KS","37.567","126.967","87.0","2018-10-04",,"69",,"55"
"KSM00047108","SEOUL CITY, KS","37.567","126.967","87.0","2018-10-05","0.06","62",,
"KSM00047108","SEOUL CITY, KS","37.567","126.967","87.0","2018-10-06","3.13","64",,
"KSM00047108","SEOUL CITY, KS","37.567","126.967","87.0","2018-10-07","0.43","59",,
"KSM00047108","SEOUL CITY, KS","37.567","126.967","87.0","2018-10-08","0.00","59",,"49"
"KSM00047108","SEOUL CITY, KS","37.567","126.967","87.0","2018-10-09",,"61",,"51"
"KSM00047108","SEOUL CITY, KS","37.567","126.967","87.0","2018-10-10","0.28","51",,
"KSM00047108","SEOUL CITY, KS","37.567","126.967","87.0","2018-10-11","0.00","49",,
"KSM00047108","SEOUL CITY, KS","37.567","126.967","87.0","2018-10-12",,"52",,"41"
"KSM00047108","SEOUL CITY, KS","37.567","126.967","87.0","2018-10-13",,"55",,"43"
"KSM00047108","SEOUL CITY, KS","37.567","126.967","87.0","2018-10-14",,"57",,"44"
"KSM00047108","SEOUL CITY, KS","37.567","126.967","87.0","2018-10-15",,"59",,
"KSM00047108","SEOUL CITY, KS","37.567","126.967","87.0","2018-10-16",,"57","69",
"KSM00047108","SEOUL CITY, KS","37.567","126.967","87.0","2018-10-17",,"54",,
"KSM00047108","SEOUL CITY, KS","37.567","126.967","87.0","2018-10-18",,"55",,
"KSM00047108","SEOUL CITY, KS","37.567","126.967","87.0","2018-10-19",,"56","69","45"
"KSM00047108","SEOUL CITY, KS","37.567","126.967","87.0","2018-10-20",,"56",,"44"
"KSM00047108","SEOUL CITY, KS","37.567","126.967","87.0","2018-10-21",,"57",,"45"
"KSM00047108","SEOUL CITY, KS","37.567","126.967","87.0","2018-10-22",,"57",,"48"
"KSM00047108","SEOUL CITY, KS","37.567","126.967","87.0","2018-10-23",,"52",,
"KSM00047108","SEOUL CITY, KS","37.567","126.967","87.0","2018-10-24","0.20","56",,"46"
"KSM00047108","SEOUL CITY, KS","37.567","126.967","87.0","2018-10-25","0.00","59",,"45"
"KSM00047108","SEOUL CITY, KS","37.567","126.967","87.0","2018-10-26","0.04","52",,
"KSM00047108","SEOUL CITY, KS","37.567","126.967","87.0","2018-10-27","0.39","47",,
"KSM00047108","SEOUL CITY, KS","37.567","126.967","87.0","2018-10-28","0.16","46",,
"KSM00047108","SEOUL CITY, KS","37.567","126.967","87.0","2018-10-29","0.06","43",,
"KSM00047108","SEOUL CITY, KS","37.567","126.967","87.0","2018-10-30","0.00","44",,"33"
"KSM00047108","SEOUL CITY, KS","37.567","126.967","87.0","2018-10-31",,"45",,"37"
"KSM00047108","SEOUL CITY, KS","37.567","126.967","87.0","2018-11-01",,"48",,"36"
"KSM00047108","SEOUL CITY, KS","37.567","126.967","87.0","2018-11-02",,"52",,"39"
"KSM00047108","SEOUL CITY, KS","37.567","126.967","87.0","2018-11-03",,"53",,"41"
"KSM00047108","SEOUL CITY, KS","37.567","126.967","87.0","2018-11-04",,"53",,"42"
"KSM00047108","SEOUL CITY, KS","37.567","126.967","87.0","2018-11-05",,"54",,"44"
"KSM00047108","SEOUL CITY, KS","37.567","126.967","87.0","2018-11-06",,"55",,"46"
"KSM00047108","SEOUL CITY, KS","37.567","126.967","87.0","2018-11-07","0.08","55",,"51"
"KSM00047108","SEOUL CITY, KS","37.567","126.967","87.0","2018-11-08","0.16","53",,"51"
"KSM00047108","SEOUL CITY, KS","37.567","126.967","87.0","2018-11-09","2.40","53",,"49"
"KSM00047108","SEOUL CITY, KS","37.567","126.967","87.0","2018-11-10","0.00","52",,
"KSM00047108","SEOUL CITY, KS","37.567","126.967","87.0","2018-11-11",,"45",,
"KSM00047108","SEOUL CITY, KS","37.567","126.967","87.0","2018-11-12",,"47",,"38"
"KSM00047108","SEOUL CITY, KS","37.567","126.967","87.0","2018-11-13",,"48",,"39"
"KSM00047108","SEOUL CITY, KS","37.567","126.967","87.0","2018-11-14",,"50",,"41"
"KSM00047108","SEOUL CITY, KS","37.567","126.967","87.0","2018-11-15",,"50",,"40"
"KSM00047108","SEOUL CITY, KS","37.567","126.967","87.0","2018-11-16",,"45",,
"KSM00047108","SEOUL CITY, KS","37.567","126.967","87.0","2018-11-17",,"41",,"33"
"KSM00047108","SEOUL CITY, KS","37.567","126.967","87.0","2018-11-18",,"44",,"35"
"KSM00047108","SEOUL CITY, KS","37.567","126.967","87.0","2018-11-19",,"42",,
"KSM00047108","SEOUL CITY, KS","37.567","126.967","87.0","2018-11-20",,"46",,"32"
"KSM00047108","SEOUL CITY, KS","37.567","126.967","87.0","2018-11-21","0.05","39",,
"KSM00047108","SEOUL CITY, KS","37.567","126.967","87.0","2018-11-22","0.00","35",,
"KSM00047108","SEOUL CITY, KS","37.567","126.967","87.0","2018-11-23",,"38",,"26"
"KSM00047108","SEOUL CITY, KS","37.567","126.967","87.0","2018-11-24","0.36","36",,
"KSM00047108","SEOUL CITY, KS","37.567","126.967","87.0","2018-11-25","0.07","40",,"34"
"KSM00047108","SEOUL CITY, KS","37.567","126.967","87.0","2018-11-26","0.00","44",,"35"
"KSM00047108","SEOUL CITY, KS","37.567","126.967","87.0","2018-11-27",,"44",,
"KSM00047108","SEOUL CITY, KS","37.567","126.967","87.0","2018-11-28",,"40",,
"KSM00047108","SEOUL CITY, KS","37.567","126.967","87.0","2018-11-29",,"37",,
"KSM00047108","SEOUL CITY, KS","37.567","126.967","87.0","2018-11-30",,"38",,"29"
"KSM00047108","SEOUL CITY, KS","37.567","126.967","87.0","2018-12-01",,"43",,"33"
"KSM00047108","SEOUL CITY, KS","37.567","126.967","87.0","2018-12-02",,"50",,"37"
"KSM00047108","SEOUL CITY, KS","37.567","126.967","87.0","2018-12-03","0.20","52",,
"KSM00047108","SEOUL CITY, KS","37.567","126.967","87.0","2018-12-04","0.37","38",,
"KSM00047108","SEOUL CITY, KS","37.567","126.967","87.0","2018-12-05","0.00","34",,"24"
"KSM00047108","SEOUL CITY, KS","37.567","126.967","87.0","2018-12-06",,"33",,
"KSM00047108","SEOUL CITY, KS","37.567","126.967","87.0","2018-12-07",,"17",,
"KSM00047108","SEOUL CITY, KS","37.567","126.967","87.0","2018-12-08",,"17",,
"KSM00047108","SEOUL CITY, KS","37.567","126.967","87.0","2018-12-09",,"21",,"11"
"KSM00047108","SEOUL CITY, KS","37.567","126.967","87.0","2018-12-10",,"30",,"17"
"KSM00047108","SEOUL CITY, KS","37.567","126.967","87.0","2018-12-11",,"32",,
"KSM00047108","SEOUL CITY, KS","37.567","126.967","87.0","2018-12-12",,"29",,"23"
"KSM00047108","SEOUL CITY, KS","37.567","126.967","87.0","2018-12-13","0.02","26",,
"KSM00047108","SEOUL CITY, KS","37.567","126.967","87.0","2018-12-14","0.04","24",,"18"
"KSM00047108","SEOUL CITY, KS","37.567","126.967","87.0","2018-12-15","0.00","30",,"18"
"KSM00047108","SEOUL CITY, KS","37.567","126.967","87.0","2018-12-16",,"33",,"27"
"KSM00047108","SEOUL CITY, KS","37.567","126.967","87.0","2018-12-17","0.02","33",,
"KSM00047108","SEOUL CITY, KS","37.567","126.967","87.0","2018-12-18","0.00","39",,"27"
"KSM00047108","SEOUL CITY, KS","37.567","126.967","87.0","2018-12-19",,"38",,
"KSM00047108","SEOUL CITY, KS","37.567","126.967","87.0","2018-12-20",,"39",,"30"
"KSM00047108","SEOUL CITY, KS","37.567","126.967","87.0","2018-12-21",,"44",,"33"
"KSM00047108","SEOUL CITY, KS","37.567","126.967","87.0","2018-12-22",,"43",,
"KSM00047108","SEOUL CITY, KS","37.567","126.967","87.0","2018-12-23",,"33",,
"KSM00047108","SEOUL CITY, KS","37.567","126.967","87.0","2018-12-24",,"29",,"21"
"KSM00047108","SEOUL CITY, KS","37.567","126.967","87.0","2018-12-25",,"35",,"25"
"KSM00047108","SEOUL CITY, KS","37.567","126.967","87.0","2018-12-26",,"24",,
"KSM00047108","SEOUL CITY, KS","37.567","126.967","87.0","2018-12-27",,"12",,
"KSM00047108","SEOUL CITY, KS","37.567","126.967","87.0","2018-12-28",,"15",,"6"
"KSM00047108","SEOUL CITY, KS","37.567","126.967","87.0","2018-12-29",,"18",,
"KSM00047108","SEOUL CITY, KS","37.567","126.967","87.0","2018-12-30",,"20",,"12"
"KSM00047108","SEOUL CITY, KS","37.567","126.967","87.0","2018-12-31",,"23",,"13"
"KSM00047108","SEOUL CITY, KS","37.567","126.967","87.0","2019-01-01",,"23",,
"KSM00047108","SEOUL CITY, KS","37.567","126.967","87.0","2019-01-02",,"24",,"16"
"KSM00047108","SEOUL CITY, KS","37.567","126.967","87.0","2019-01-03",,"27",,"17"
"KSM00047108","SEOUL CITY, KS","37.567","126.967","87.0","2019-01-04",,"31",,"21"
"KSM00047108","SEOUL CITY, KS","37.567","126.967","87.0","2019-01-05",,"26",,
"KSM00047108","SEOUL CITY, KS","37.567","126.967","87.0","2019-01-06",,"27",,"21"
"KSM00047108","SEOUL CITY, KS","37.567","126.967","87.0","2019-01-07",,"29",,"21"
"KSM00047108","SEOUL CITY, KS","37.567","126.967","87.0","2019-01-08",,"24",,
"KSM00047108","SEOUL CITY, KS","37.567","126.967","87.0","2019-01-09",,"26",,"15"
"KSM00047108","SEOUL CITY, KS","37.567","126.967","87.0","2019-01-10",,"33",,"24"
"KSM00047108","SEOUL CITY, KS","37.567","126.967","87.0","2019-01-11",,"37",,"31"
"KSM00047108","SEOUL CITY, KS","37.567","126.967","87.0","2019-01-12",,"35",,
"KSM00047108","SEOUL CITY, KS","37.567","126.967","87.0","2019-01-13",,"35",,"27"
"KSM00047108","SEOUL CITY, KS","37.567","126.967","87.0","2019-01-14",,"35",,"28"
"KSM00047108","SEOUL CITY, KS","37.567","126.967","87.0","2019-01-15",,"25",,
"KSM00047108","SEOUL CITY, KS","37.567","126.967","87.0","2019-01-16",,"26",,"14"
"KSM00047108","SEOUL CITY, KS","37.567","126.967","87.0","2019-01-17",,"31",,
"KSM00047108","SEOUL CITY, KS","37.567","126.967","87.0","2019-01-18",,"35",,"24"
"KSM00047108","SEOUL CITY, KS","37.567","126.967","87.0","2019-01-19",,"39",,
"KSM00047108","SEOUL CITY, KS","37.567","126.967","87.0","2019-01-20",,"26",,
"KSM00047108","SEOUL CITY, KS","37.567","126.967","87.0","2019-01-21",,"32",,"20"
"KSM00047108","SEOUL CITY, KS","37.567","126.967","87.0","2019-01-22",,"36",,"26"
"KSM00047108","SEOUL CITY, KS","37.567","126.967","87.0","2019-01-23",,"34",,
"KSM00047108","SEOUL CITY, KS","37.567","126.967","87.0","2019-01-24",,"33",,"24"
"KSM00047108","SEOUL CITY, KS","37.567","126.967","87.0","2019-01-25",,"28",,
"KSM00047108","SEOUL CITY, KS","37.567","126.967","87.0","2019-01-26",,"27",,"20"
"KSM00047108","SEOUL CITY, KS","37.567","126.967","87.0","2019-01-27",,"35",,"20"
"KSM00047108","SEOUL CITY, KS","37.567","126.967","87.0","2019-01-28",,"31",,
"KSM00047108","SEOUL CITY, KS","37.567","126.967","87.0","2019-01-29",,"33",,"22"
"KSM00047108","SEOUL CITY, KS","37.567","126.967","87.0","2019-01-30",,"36",,"27"
"KSM00047108","SEOUL CITY, KS","37.567","126.967","87.0","2019-01-31",,"25",,
"KSM00047108","SEOUL CITY, KS","37.567","126.967","87.0","2019-02-01",,"30",,"19"
"KSM00047108","SEOUL CITY, KS","37.567","126.967","87.0","2019-02-02","0.01","37",,"26"
"KSM00047108","SEOUL CITY, KS","37.567","126.967","87.0","2019-02-03","0.35","36",,
"KSM00047108","SEOUL CITY, KS","37.567","126.967","87.0","2019-02-04","0.28","30",,"26"
"KSM00047108","SEOUL CITY, KS","37.567","126.967","87.0","2019-02-05","0.00","39",,"26"
"KSM00047108","SEOUL CITY, KS","37.567","126.967","87.0","2019-02-06",,"42",,"32"
"KSM00047108","SEOUL CITY, KS","37.567","126.967","87.0","2019-02-07","0.02","23",,
"KSM00047108","SEOUL CITY, KS","37.567","126.967","87.0","2019-02-08","0.00","22",,"14"
"KSM00047108","SEOUL CITY, KS","37.567","126.967","87.0","2019-02-09",,"22",,
"KSM00047108","SEOUL CITY, KS","37.567","126.967","87.0","2019-02-10",,"24",,"16"
"KSM00047108","SEOUL CITY, KS","37.567","126.967","87.0","2019-02-11",,"28",,"18"
"KSM00047108","SEOUL CITY, KS","37.567","126.967","87.0","2019-02-12",,"31",,
"KSM00047108","SEOUL CITY, KS","37.567","126.967","87.0","2019-02-13",,"28",,"22"
"KSM00047108","SEOUL CITY, KS","37.567","126.967","87.0","2019-02-14",,"33",,"21"
"KSM00047108","SEOUL CITY, KS","37.567","126.967","87.0","2019-02-15","0.06","29",,
"KSM00047108","SEOUL CITY, KS","37.567","126.967","87.0","2019-02-16","0.04","26",,
"KSM00047108","SEOUL CITY, KS","37.567","126.967","87.0","2019-02-17","0.00","30",,"20"
"KSM00047108","SEOUL CITY, KS","37.567","126.967","87.0","2019-02-18",,"36",,"24"
"KSM00047108","SEOUL CITY, KS","37.567","126.967","87.0","2019-02-19","0.06","34",,"32"
"KSM00047108","SEOUL CITY, KS","37.567","126.967","87.0","2019-02-20","0.13","34",,
"KSM00047108","SEOUL CITY, KS","37.567","126.967","87.0","2019-02-21","0.00","36",,"27"
"KSM00047108","SEOUL CITY, KS","37.567","126.967","87.0","2019-02-22",,"40",,"29"
"KSM00047108","SEOUL CITY, KS","37.567","126.967","87.0","2019-02-23",,"45",,"33"
"KSM00047108","SEOUL CITY, KS","37.567","126.967","87.0","2019-02-24",,"43",,"34"
"KSM00047108","SEOUL CITY, KS","37.567","126.967","87.0","2019-02-25",,"39",,
"KSM00047108","SEOUL CITY, KS","37.567","126.967","87.0","2019-02-26",,"44",,"29"
"KSM00047108","SEOUL CITY, KS","37.567","126.967","87.0","2019-02-27",,"45",,
"KSM00047108","SEOUL CITY, KS","37.567","126.967","87.0","2019-02-28",,"44",,
"KSM00047108","SEOUL CITY, KS","37.567","126.967","87.0","2019-03-01",,"44",,"34"
"KSM00047108","SEOUL CITY, KS","37.567","126.967","87.0","2019-03-02",,"47",,"34"
"KSM00047108","SEOUL CITY, KS","37.567","126.967","87.0","2019-03-03",,"50",,"36"
"KSM00047108","SEOUL CITY, KS","37.567","126.967","87.0","2019-03-04",,"49",,"41"
"KSM00047108","SEOUL CITY, KS","37.567","126.967","87.0","2019-03-05",,"47",,"42"
"KSM00047108","SEOUL CITY, KS","37.567","126.967","87.0","2019-03-06",,"46",,
"KSM00047108","SEOUL CITY, KS","37.567","126.967","87.0","2019-03-07",,"44",,
"KSM00047108","SEOUL CITY, KS","37.567","126.967","87.0","2019-03-08",,"42",,
"KSM00047108","SEOUL CITY, KS","37.567","126.967","87.0","2019-03-09",,"48",,"31"
"KSM00047108","SEOUL CITY, KS","37.567","126.967","87.0","2019-03-10",,"49",,
"KSM00047108","SEOUL CITY, KS","37.567","126.967","87.0","2019-03-11",,"44",,"38"
"KSM00047108","SEOUL CITY, KS","37.567","126.967","87.0","2019-03-12",,"37",,
"KSM00047108","SEOUL CITY, KS","37.567","126.967","87.0","2019-03-13",,"38",,
"KSM00047108","SEOUL CITY, KS","37.567","126.967","87.0","2019-03-14",,"44",,"29"
"KSM00047108","SEOUL CITY, KS","37.567","126.967","87.0","2019-03-15",,"40",,
"KSM00047108","SEOUL CITY, KS","37.567","126.967","87.0","2019-03-16","0.14","41",,"32"
"KSM00047108","SEOUL CITY, KS","37.567","126.967","87.0","2019-03-17","0.00","43",,
"KSM00047108","SEOUL CITY, KS","37.567","126.967","87.0","2019-03-18",,"46",,"35"
"KSM00047108","SEOUL CITY, KS","37.567","126.967","87.0","2019-03-19",,"51",,"38"
"KSM00047108","SEOUL CITY, KS","37.567","126.967","87.0","2019-03-20",,"51",,"45"
"KSM00047108","SEOUL CITY, KS","37.567","126.967","87.0","2019-03-21","0.78","41",,
"KSM00047108","SEOUL CITY, KS","37.567","126.967","87.0","2019-03-22","0.00","38",,"31"
"KSM00047108","SEOUL CITY, KS","37.567","126.967","87.0","2019-03-23",,"38",,"31"
"KSM00047108","SEOUL CITY, KS","37.567","126.967","87.0","2019-03-24","0.07","41",,"31"
"KSM00047108","SEOUL CITY, KS","37.567","126.967","87.0","2019-03-25","0.00","47",,"37"
"KSM00047108","SEOUL CITY, KS","37.567","126.967","87.0","2019-03-26",,"54",,"45"
"KSM00047108","SEOUL CITY, KS","37.567","126.967","87.0","2019-03-27",,"52",,
"KSM00047108","SEOUL CITY, KS","37.567","126.967","87.0","2019-03-28",,"49",,"42"
"KSM00047108","SEOUL CITY, KS","37.567","126.967","87.0","2019-03-29",,"48",,
"KSM00047108","SEOUL CITY, KS","37.567","126.967","87.0","2019-03-30","0.06","41",,
"KSM00047108","SEOUL CITY, KS","37.567","126.967","87.0","2019-03-31","0.01","39",,
"KSM00047108","SEOUL CITY, KS","37.567","126.967","87.0","2019-04-01","0.00","42",,"33"
"KSM00047108","SEOUL CITY, KS","37.567","126.967","87.0","2019-04-02",,"44",,"34"
"KSM00047108","SEOUL CITY, KS","37.567","126.967","87.0","2019-04-03",,"46",,"35"
"KSM00047108","SEOUL CITY, KS","37.567","126.967","87.0","2019-04-04",,"50",,"37"
"KSM00047108","SEOUL CITY, KS","37.567","126.967","87.0","2019-04-05",,"52",,
"KSM00047108","SEOUL CITY, KS","37.567","126.967","87.0","2019-04-06",,"49",,"43"
"KSM00047108","SEOUL CITY, KS","37.567","126.967","87.0","2019-04-07","0.03","55",,"42"
"KSM00047108","SEOUL CITY, KS","37.567","126.967","87.0","2019-04-08","0.00","53",,"46"
"KSM00047108","SEOUL CITY, KS","37.567","126.967","87.0","2019-04-09",,"47",,
"KSM00047108","SEOUL CITY, KS","37.567","126.967","87.0","2019-04-10","0.85","45",,
"KSM00047108","SEOUL CITY, KS","37.567","126.967","87.0","2019-04-11","0.06","50",,"40"
"KSM00047108","SEOUL CITY, KS","37.567","126.967","87.0","2019-04-12","0.00","53",,"42"
"KSM00047108","SEOUL CITY, KS","37.567","126.967","87.0","2019-04-13",,"54",,"43"
"KSM00047108","SEOUL CITY, KS","37.567","126.967","87.0","2019-04-14","0.00","47",,
"KSM00047108","SEOUL CITY, KS","37.567","126.967","87.0","2019-04-15","0.06","54",,"39"
"KSM00047108","SEOUL CITY, KS","37.567","126.967","87.0","2019-04-16","0.00","60",,"44"
"KSM00047108","SEOUL CITY, KS","37.567","126.967","87.0","2019-04-17",,"60",,"48"
"KSM00047108","SEOUL CITY, KS","37.567","126.967","87.0","2019-04-18",,"54",,
"KSM00047108","SEOUL CITY, KS","37.567","126.967","87.0","2019-04-19",,"57",,"49"
"KSM00047108","SEOUL CITY, KS","37.567","126.967","87.0","2019-04-20",,"59",,"49"
"KSM00047108","SEOUL CITY, KS","37.567","126.967","87.0","2019-04-21","0.06","58",,
"KSM00047108","SEOUL CITY, KS","37.567","126.967","87.0","2019-04-22","0.00","69",,"51"
"KSM00047108","SEOUL CITY, KS","37.567","126.967","87.0","2019-04-23",,"69",,"60"
"KSM00047108","SEOUL CITY, KS","37.567","126.967","87.0","2019-04-24","0.16","67",,"60"
"KSM00047108","SEOUL CITY, KS","37.567","126.967","87.0","2019-04-25","0.00","52",,
"KSM00047108","SEOUL CITY, KS","37.567","126.967","87.0","2019-04-26","0.60","46",,
"KSM00047108","SEOUL CITY, KS","37.567","126.967","87.0","2019-04-27","0.04","56",,"39"
"KSM00047108","SEOUL CITY, KS","37.567","126.967","87.0","2019-04-28","0.00","54",,
"KSM00047108","SEOUL CITY, KS","37.567","126.967","87.0","2019-04-29",,"56",,"47"
"KSM00047108","SEOUL CITY, KS","37.567","126.967","87.0","2019-04-30",,"61",,"48"
"KSM00047108","SEOUL CITY, KS","37.567","126.967","87.0","2019-05-01",,"62",,
"KSM00047108","SEOUL CITY, KS","37.567","126.967","87.0","2019-05-02",,"62",,
"KSM00047108","SEOUL CITY, KS","37.567","126.967","87.0","2019-05-03",,"65",,"50"
"KSM00047108","SEOUL CITY, KS","37.567","126.967","87.0","2019-05-04",,"68",,"54"
"KSM00047108","SEOUL CITY, KS","37.567","126.967","87.0","2019-05-05",,"65",,
"KSM00047108","SEOUL CITY, KS","37.567","126.967","87.0","2019-05-06",,"58",,
"KSM00047108","SEOUL CITY, KS","37.567","126.967","87.0","2019-05-07",,"60",,"47"
"KSM00047108","SEOUL CITY, KS","37.567","126.967","87.0","2019-05-08",,"61",,"50"
"KSM00047108","SEOUL CITY, KS","37.567","126.967","87.0","2019-05-09",,"61",,
"KSM00047108","SEOUL CITY, KS","37.567","126.967","87.0","2019-05-10",,"65",,"51"
"KSM00047108","SEOUL CITY, KS","37.567","126.967","87.0","2019-05-11",,"69",,"56"
"KSM00047108","SEOUL CITY, KS","37.567","126.967","87.0","2019-05-12",,"71",,"58"
"KSM00047108","SEOUL CITY, KS","37.567","126.967","87.0","2019-05-13",,"64",,
"KSM00047108","SEOUL CITY, KS","37.567","126.967","87.0","2019-05-14",,"68",,"55"
"KSM00047108","SEOUL CITY, KS","37.567","126.967","87.0","2019-05-15",,"70",,"59"
"KSM00047108","SEOUL CITY, KS","37.567","126.967","87.0","2019-05-16",,"75",,"62"
"KSM00047108","SEOUL CITY, KS","37.567","126.967","87.0","2019-05-17",,"76",,"64"
"KSM00047108","SEOUL CITY, KS","37.567","126.967","87.0","2019-05-18",,"72",,
"KSM00047108","SEOUL CITY, KS","37.567","126.967","87.0","2019-05-19","0.20","66",,
"KSM00047108","SEOUL CITY, KS","37.567","126.967","87.0","2019-05-20","1.01","59",,
"KSM00047108","SEOUL CITY, KS","37.567","126.967","87.0","2019-05-21","0.00","63",,"53"
"KSM00047108","SEOUL CITY, KS","37.567","126.967","87.0","2019-05-22",,"68",,"54"
"KSM00047108","SEOUL CITY, KS","37.567","126.967","87.0","2019-05-23",,"72",,"59"
"KSM00047108","SEOUL CITY, KS","37.567","126.967","87.0","2019-05-24",,"77",,"61"
"KSM00047108","SEOUL CITY, KS","37.567","126.967","87.0","2019-05-25",,"74",,"65"
"KSM00047108","SEOUL CITY, KS","37.567","126.967","87.0","2019-05-26",,"76",,"65"
"KSM00047108","SEOUL CITY, KS","37.567","126.967","87.0","2019-05-27","0.14","60",,
"KSM00047108","SEOUL CITY, KS","37.567","126.967","87.0","2019-05-28","0.14","65",,"53"
"KSM00047108","SEOUL CITY, KS","37.567","126.967","87.0","2019-05-29","0.00","69",,"56"
"KSM00047108","SEOUL CITY, KS","37.567","126.967","87.0","2019-05-30",,"68",,"58"
"KSM00047108","SEOUL CITY, KS","37.567","126.967","87.0","2019-05-31",,"66",,
"KSM00047108","SEOUL CITY, KS","37.567","126.967","87.0","2019-06-01",,"66",,
"KSM00047108","SEOUL CITY, KS","37.567","126.967","87.0","2019-06-02",,"71",,"57"
"KSM00047108","SEOUL CITY, KS","37.567","126.967","87.0","2019-06-03",,"74",,"61"
"KSM00047108","SEOUL CITY, KS","37.567","126.967","87.0","2019-06-04",,"73",,"64"
"KSM00047108","SEOUL CITY, KS","37.567","126.967","87.0","2019-06-05",,"74",,"64"
"KSM00047108","SEOUL CITY, KS","37.567","126.967","87.0","2019-06-06",,"69",,
"KSM00047108","SEOUL CITY, KS","37.567","126.967","87.0","2019-06-07","1.66","68",,
"KSM00047108","SEOUL CITY, KS","37.567","126.967","87.0","2019-06-08","0.03","73",,"61"
"KSM00047108","SEOUL CITY, KS","37.567","126.967","87.0","2019-06-09","0.00","69",,
"KSM00047108","SEOUL CITY, KS","37.567","126.967","87.0","2019-06-10","0.47","65",,
"KSM00047108","SEOUL CITY, KS","37.567","126.967","87.0","2019-06-11","0.00","69",,"60"
"KSM00047108","SEOUL CITY, KS","37.567","126.967","87.0","2019-06-12",,"71",,"61"
"KSM00047108","SEOUL CITY, KS","37.567","126.967","87.0","2019-06-13",,"74",,"62"
"KSM00047108","SEOUL CITY, KS","37.567","126.967","87.0","2019-06-14",,"73",,
"KSM00047108","SEOUL CITY, KS","37.567","126.967","87.0","2019-06-15",,"70",,
"KSM00047108","SEOUL CITY, KS","37.567","126.967","87.0","2019-06-16","0.08","73",,"61"
"KSM00047108","SEOUL CITY, KS","37.567","126.967","87.0","2019-06-17","0.00","71",,"65"
"KSM00047108","SEOUL CITY, KS","37.567","126.967","87.0","2019-06-18","0.39","70",,"63"
"KSM00047108","SEOUL CITY, KS","37.567","126.967","87.0","2019-06-19","0.16","71",,"66"
"KSM00047108","SEOUL CITY, KS","37.567","126.967","87.0","2019-06-20","0.00","73",,
"KSM00047108","SEOUL CITY, KS","37.567","126.967","87.0","2019-06-21",,"71",,
"KSM00047108","SEOUL CITY, KS","37.567","126.967","87.0","2019-06-22","0.01","76",,"64"
"KSM00047108","SEOUL CITY, KS","37.567","126.967","87.0","2019-06-23","0.00","78",,"66"
"KSM00047108","SEOUL CITY, KS","37.567","126.967","87.0","2019-06-24",,"77",,
"KSM00047108","SEOUL CITY, KS","37.567","126.967","87.0","2019-06-25",,"79",,"67"
"KSM00047108","SEOUL CITY, KS","37.567","126.967","87.0","2019-06-26",,"78",,"69"
"KSM00047108","SEOUL CITY, KS","37.567","126.967","87.0","2019-06-27","0.06","79",,"71"
"KSM00047108","SEOUL CITY, KS","37.567","126.967","87.0","2019-06-28","0.00","75",,
"KSM00047108","SEOUL CITY, KS","37.567","126.967","87.0","2019-06-29","0.06","74",,"67"
"KSM00047108","SEOUL CITY, KS","37.567","126.967","87.0","2019-06-30","0.00","75",,
"KSM00047108","SEOUL CITY, KS","37.567","126.967","87.0","2019-07-01",,"75",,"69"
"KSM00047108","SEOUL CITY, KS","37.567","126.967","87.0","2019-07-02",,"76",,"69"
"KSM00047108","SEOUL CITY, KS","37.567","126.967","87.0","2019-07-03",,"75",,
"KSM00047108","SEOUL CITY, KS","37.567","126.967","87.0","2019-07-04",,"78",,"68"
"KSM00047108","SEOUL CITY, KS","37.567","126.967","87.0","2019-07-05",,"84",,"68"
"KSM00047108","SEOUL CITY, KS","37.567","126.967","87.0","2019-07-06",,"85",,
"KSM00047108","SEOUL CITY, KS","37.567","126.967","87.0","2019-07-07",,"79",,
"KSM00047108","SEOUL CITY, KS","37.567","126.967","87.0","2019-07-08",,"77",,
"KSM00047108","SEOUL CITY, KS","37.567","126.967","87.0","2019-07-09",,"77",,"67"
"KSM00047108","SEOUL CITY, KS","37.567","126.967","87.0","2019-07-10",,"72",,
"KSM00047108","SEOUL CITY, KS","37.567","126.967","87.0","2019-07-11","0.45","72",,"67"
"KSM00047108","SEOUL CITY, KS","37.567","126.967","87.0","2019-07-12","0.00","76",,"68"
"KSM00047108","SEOUL CITY, KS","37.567","126.967","87.0","2019-07-13",,"77",,
"KSM00047108","SEOUL CITY, KS","37.567","126.967","87.0","2019-07-14",,"79",,"70"
"KSM00047108","SEOUL CITY, KS","37.567","126.967","87.0","2019-07-15",,"74",,
"KSM00047108","SEOUL CITY, KS","37.567","126.967","87.0","2019-07-16","0.48","76",,"71"
"KSM00047108","SEOUL CITY, KS","37.567","126.967","87.0","2019-07-17","0.07","78",,"72"
"KSM00047108","SEOUL CITY, KS","37.567","126.967","87.0","2019-07-18","0.03","80",,
"KSM00047108","SEOUL CITY, KS","37.567","126.967","87.0","2019-07-19","0.00","85",,"73"
"KSM00047108","SEOUL CITY, KS","37.567","126.967","87.0","2019-07-20","0.04","81",,
"KSM00047108","SEOUL CITY, KS","37.567","126.967","87.0","2019-07-21","0.17","77",,"76"
"KSM00047108","SEOUL CITY, KS","37.567","126.967","87.0","2019-07-22","0.08","80",,"76"
"KSM00047108","SEOUL CITY, KS","37.567","126.967","87.0","2019-07-23","0.00","83",,"76"
"KSM00047108","SEOUL CITY, KS","37.567","126.967","87.0","2019-07-24","0.03","80",,"77"
"KSM00047108","SEOUL CITY, KS","37.567","126.967","87.0","2019-07-25","0.11","79",,
"KSM00047108","SEOUL CITY, KS","37.567","126.967","87.0","2019-07-26","1.69","77",,"75"
"KSM00047108","SEOUL CITY, KS","37.567","126.967","87.0","2019-07-27","0.99","84",,"77"
"KSM00047108","SEOUL CITY, KS","37.567","126.967","87.0","2019-07-28","0.50","78",,
"KSM00047108","SEOUL CITY, KS","37.567","126.967","87.0","2019-07-29","0.53","82",,"78"
"KSM00047108","SEOUL CITY, KS","37.567","126.967","87.0","2019-07-30","0.01","82",,
"KSM00047108","SEOUL CITY, KS","37.567","126.967","87.0","2019-07-31","1.57","77",,
"KSM00047108","SEOUL CITY, KS","37.567","126.967","87.0","2019-08-01","1.95","80",,"74"
"KSM00047108","SEOUL CITY, KS","37.567","126.967","87.0","2019-08-02","0.03","84",,"76"
"KSM00047108","SEOUL CITY, KS","37.567","126.967","87.0","2019-08-03","0.00","85",,
"KSM00047108","SEOUL CITY, KS","37.567","126.967","87.0","2019-08-04","0.12","83",,"77"
"KSM00047108","SEOUL CITY, KS","37.567","126.967","87.0","2019-08-05","0.34","88",,"78"
"KSM00047108","SEOUL CITY, KS","37.567","126.967","87.0","2019-08-06","0.00","88",,
"KSM00047108","SEOUL CITY, KS","37.567","126.967","87.0","2019-08-07","0.29","80",,"75"
"KSM00047108","SEOUL CITY, KS","37.567","126.967","87.0","2019-08-08","0.02","84",,"79"
"KSM00047108","SEOUL CITY, KS","37.567","126.967","87.0","2019-08-09","0.00","86",,"79"
"KSM00047108","SEOUL CITY, KS","37.567","126.967","87.0","2019-08-10",,"89",,
"KSM00047108","SEOUL CITY, KS","37.567","126.967","87.0","2019-08-11",,"86",,
"KSM00047108","SEOUL CITY, KS","37.567","126.967","87.0","2019-08-12","1.72","80",,"77"
"KSM00047108","SEOUL CITY, KS","37.567","126.967","87.0","2019-08-13","0.75","85",,"77"
"KSM00047108","SEOUL CITY, KS","37.567","126.967","87.0","2019-08-14","0.25","87",,"79"
"KSM00047108","SEOUL CITY, KS","37.567","126.967","87.0","2019-08-15","0.00","77",,
"KSM00047108","SEOUL CITY, KS","37.567","126.967","87.0","2019-08-16","0.64","79",,"73"
"KSM00047108","SEOUL CITY, KS","37.567","126.967","87.0","2019-08-17","0.00","78",,
"KSM00047108","SEOUL CITY, KS","37.567","126.967","87.0","2019-08-18",,"78",,
"KSM00047108","SEOUL CITY, KS","37.567","126.967","87.0","2019-08-19",,"80",,"70"
"KSM00047108","SEOUL CITY, KS","37.567","126.967","87.0","2019-08-20",,"83",,"74"
"KSM00047108","SEOUL CITY, KS","37.567","126.967","87.0","2019-08-21",,"80",,
"KSM00047108","SEOUL CITY, KS","37.567","126.967","87.0","2019-08-22","0.05","81",,"73"
"KSM00047108","SEOUL CITY, KS","37.567","126.967","87.0","2019-08-23","0.00","78",,
"KSM00047108","SEOUL CITY, KS","37.567","126.967","87.0","2019-08-24",,"75",,
"KSM00047108","SEOUL CITY, KS","37.567","126.967","87.0","2019-08-25",,"78",,"68"
"KSM00047108","SEOUL CITY, KS","37.567","126.967","87.0","2019-08-26",,"80",,"71"
"KSM00047108","SEOUL CITY, KS","37.567","126.967","87.0","2019-08-27","0.79","78",,"72"
"KSM00047108","SEOUL CITY, KS","37.567","126.967","87.0","2019-08-28","0.00","79",,
"KSM00047108","SEOUL CITY, KS","37.567","126.967","87.0","2019-08-29",,"72",,
"KSM00047108","SEOUL CITY, KS","37.567","126.967","87.0","2019-08-30","1.45","72",,
"KSM00047108","SEOUL CITY, KS","37.567","126.967","87.0","2019-08-31","0.01","75",,"65"
"KSM00047108","SEOUL CITY, KS","37.567","126.967","87.0","2019-09-01","0.00","75",,"67"
"KSM00047108","SEOUL CITY, KS","37.567","126.967","87.0","2019-09-02",,"77",,"67"
"KSM00047108","SEOUL CITY, KS","37.567","126.967","87.0","2019-09-03",,"75",,"72"
"KSM00047108","SEOUL CITY, KS","37.567","126.967","87.0","2019-09-04","0.07","73",,"70"
"KSM00047108","SEOUL CITY, KS","37.567","126.967","87.0","2019-09-05","0.86","73",,
"KSM00047108","SEOUL CITY, KS","37.567","126.967","87.0","2019-09-06","1.39","79",,"71"
"KSM00047108","SEOUL CITY, KS","37.567","126.967","87.0","2019-09-07","0.11","77",,
"KSM00047108","SEOUL CITY, KS","37.567","126.967","87.0","2019-09-08","0.09","76",,
"KSM00047108","SEOUL CITY, KS","37.567","126.967","87.0","2019-09-09","0.00","77",,
"KSM00047108","SEOUL CITY, KS","37.567","126.967","87.0","2019-09-10","1.27","74",,
"KSM00047108","SEOUL CITY, KS","37.567","126.967","87.0","2019-09-11","1.52","76",,"69"
"KSM00047108","SEOUL CITY, KS","37.567","126.967","87.0","2019-09-12","0.00","68",,
"KSM00047108","SEOUL CITY, KS","37.567","126.967","87.0","2019-09-13","0.16","76",,"65"
"KSM00047108","SEOUL CITY, KS","37.567","126.967","87.0","2019-09-14","0.00","71",,
"KSM00047108","SEOUL CITY, KS","37.567","126.967","87.0","2019-09-15","0.01","76",,"67"
"KSM00047108","SEOUL CITY, KS","37.567","126.967","87.0","2019-09-16","0.00","75",,
"KSM00047108","SEOUL CITY, KS","37.567","126.967","87.0","2019-09-17",,"75",,"64"
"KSM00047108","SEOUL CITY, KS","37.567","126.967","87.0","2019-09-18",,"67",,
"KSM00047108","SEOUL CITY, KS","37.567","126.967","87.0","2019-09-19",,"68",,"56"
"KSM00047108","SEOUL CITY, KS","37.567","126.967","87.0","2019-09-20",,"68",,"60"
"KSM00047108","SEOUL CITY, KS","37.567","126.967","87.0","2019-09-21",,"67",,
"KSM00047108","SEOUL CITY, KS","37.567","126.967","87.0","2019-09-22","0.01","65",,
"KSM00047108","SEOUL CITY, KS","37.567","126.967","87.0","2019-09-23","0.01","67",,
"KSM00047108","SEOUL CITY, KS","37.567","126.967","87.0","2019-09-24","0.00","68",,"57"
"KSM00047108","SEOUL CITY, KS","37.567","126.967","87.0","2019-09-25",,"71",,"59"
"KSM00047108","SEOUL CITY, KS","37.567","126.967","87.0","2019-09-26",,"74",,"64"
"KSM00047108","SEOUL CITY, KS","37.567","126.967","87.0","2019-09-27",,"73",,"67"
"KSM00047108","SEOUL CITY, KS","37.567","126.967","87.0","2019-09-28",,"74",,
"KSM00047108","SEOUL CITY, KS","37.567","126.967","87.0","2019-09-29",,"72",,
"KSM00047108","SEOUL CITY, KS","37.567","126.967","87.0","2019-09-30",,"73",,"62"
"KSM00047108","SEOUL CITY, KS","37.567","126.967","87.0","2019-10-01",,"75",,"64"
"KSM00047108","SEOUL CITY, KS","37.567","126.967","87.0","2019-10-02","0.18","70",,
"KSM00047108","SEOUL CITY, KS","37.567","126.967","87.0","2019-10-03","0.91","72",,
"KSM00047108","SEOUL CITY, KS","37.567","126.967","87.0","2019-10-04","0.00","73",,"64"
"KSM00047108","SEOUL CITY, KS","37.567","126.967","87.0","2019-10-05","0.02","63",,
"KSM00047108","SEOUL CITY, KS","37.567","126.967","87.0","2019-10-06","0.00","65",,"56"
"KSM00047108","SEOUL CITY, KS","37.567","126.967","87.0","2019-10-07","0.41","57",,
"KSM00047108","SEOUL CITY, KS","37.567","126.967","87.0","2019-10-08","0.59","57",,
"KSM00047108","SEOUL CITY, KS","37.567","126.967","87.0","2019-10-09","0.00","58",,"46"
"KSM00047108","SEOUL CITY, KS","37.567","126.967","87.0","2019-10-10",,"61",,"51"
"KSM00047108","SEOUL CITY, KS","37.567","126.967","87.0","2019-10-11",,"67",,"55"
"KSM00047108","SEOUL CITY, KS","37.567","126.967","87.0","2019-10-12",,"63",,
"KSM00047108","SEOUL CITY, KS","37.567","126.967","87.0","2019-10-13",,"63",,"54"
"KSM00047108","SEOUL CITY, KS","37.567","126.967","87.0","2019-10-14",,"56",,
"KSM00047108","SEOUL CITY, KS","37.567","126.967","87.0","2019-10-15",,"58",,"48"
"KSM00047108","SEOUL CITY, KS","37.567","126.967","87.0","2019-10-16",,"59",,"48"
"KSM00047108","SEOUL CITY, KS","37.567","126.967","87.0","2019-10-17",,"60",,"52"
"KSM00047108","SEOUL CITY, KS","37.567","126.967","87.0","2019-10-18",,"63",,"54"
"KSM00047108","SEOUL CITY, KS","37.567","126.967","87.0","2019-10-19",,"62",,"54"
"KSM00047108","SEOUL CITY, KS","37.567","126.967","87.0","2019-10-20",,"61",,
"KSM00047108","SEOUL CITY, KS","37.567","126.967","87.0","2019-10-21",,"64",,"52"
"KSM00047108","SEOUL CITY, KS","37.567","126.967","87.0","2019-10-22",,"65",,"56"
"KSM00047108","SEOUL CITY, KS","37.567","126.967","87.0","2019-10-23",,"63",,"58"
"KSM00047108","SEOUL CITY, KS","37.567","126.967","87.0","2019-10-24",,"64",,
"KSM00047108","SEOUL CITY, KS","37.567","126.967","87.0","2019-10-25",,"60",,
"KSM00047108","SEOUL CITY, KS","37.567","126.967","87.0","2019-10-26",,"49",,
"KSM00047108","SEOUL CITY, KS","37.567","126.967","87.0","2019-10-27",,"53",,"40"
"KSM00047108","SEOUL CITY, KS","37.567","126.967","87.0","2019-10-28",,"57",,"45"
"KSM00047108","SEOUL CITY, KS","37.567","126.967","87.0","2019-10-29","0.07","52",,
"KSM00047108","SEOUL CITY, KS","37.567","126.967","87.0","2019-10-30","0.00","53",,"41"
"KSM00047108","SEOUL CITY, KS","37.567","126.967","87.0","2019-10-31",,"61",,"47"
"KSM00047108","SEOUL CITY, KS","37.567","126.967","87.0","2019-11-01",,"57",,
"KSM00047108","SEOUL CITY, KS","37.567","126.967","87.0","2019-11-02",,"57",,"47"
"KSM00047108","SEOUL CITY, KS","37.567","126.967","87.0","2019-11-03",,"58",,"49"
"KSM00047108","SEOUL CITY, KS","37.567","126.967","87.0","2019-11-04",,"56",,
"KSM00047108","SEOUL CITY, KS","37.567","126.967","87.0","2019-11-05",,"54",,
"KSM00047108","SEOUL CITY, KS","37.567","126.967","87.0","2019-11-06",,"52",,"43"
"KSM00047108","SEOUL CITY, KS","37.567","126.967","87.0","2019-11-07",,"48",,
"KSM00047108","SEOUL CITY, KS","37.567","126.967","87.0","2019-11-08",,"45",,"34"
"KSM00047108","SEOUL CITY, KS","37.567","126.967","87.0","2019-11-09",,"50",,"38"
"KSM00047108","SEOUL CITY, KS","37.567","126.967","87.0","2019-11-10",,"51",,"43"
"KSM00047108","SEOUL CITY, KS","37.567","126.967","87.0","2019-11-11","0.51","51",,
"KSM00047108","SEOUL CITY, KS","37.567","126.967","87.0","2019-11-12","0.00","49",,"41"
"KSM00047108","SEOUL CITY, KS","37.567","126.967","87.0","2019-11-13",,"42",,
"KSM00047108","SEOUL CITY, KS","37.567","126.967","87.0","2019-11-14","0.30","36",,"27"
"KSM00047108","SEOUL CITY, KS","37.567","126.967","87.0","2019-11-15","0.44","42",,"35"
"KSM00047108","SEOUL CITY, KS","37.567","126.967","87.0","2019-11-16","0.30","45",,"39"
"KSM00047108","SEOUL CITY, KS","37.567","126.967","87.0","2019-11-17","0.00","48",,"42"
"KSM00047108","SEOUL CITY, KS","37.567","126.967","87.0","2019-11-18","1.41","36",,
"KSM00047108","SEOUL CITY, KS","37.567","126.967","87.0","2019-11-19","0.00","32",,
"KSM00047108","SEOUL CITY, KS","37.567","126.967","87.0","2019-11-20",,"34",,"24"
"KSM00047108","SEOUL CITY, KS","37.567","126.967","87.0","2019-11-21",,"42",,"28"
"KSM00047108","SEOUL CITY, KS","37.567","126.967","87.0","2019-11-22",,"51",,"37"
"KSM00047108","SEOUL CITY, KS","37.567","126.967","87.0","2019-11-23",,"54",,"46"
"KSM00047108","SEOUL CITY, KS","37.567","126.967","87.0","2019-11-24",,"46",,
"KSM00047108","SEOUL CITY, KS","37.567","126.967","87.0","2019-11-25","0.15","36",,"30"
"KSM00047108","SEOUL CITY, KS","37.567","126.967","87.0","2019-11-26","0.00","44",,"34"
"KSM00047108","SEOUL CITY, KS","37.567","126.967","87.0","2019-11-27",,"36",,
"KSM00047108","SEOUL CITY, KS","37.567","126.967","87.0","2019-11-28",,"38",,
"KSM00047108","SEOUL CITY, KS","37.567","126.967","87.0","2019-11-29",,"35",,"26"
"KSM00047108","SEOUL CITY, KS","37.567","126.967","87.0","2019-11-30",,"42",,"29"
"KSM00047108","SEOUL CITY, KS","37.567","126.967","87.0","2019-12-01","0.00","38",,
"KSM00047108","SEOUL CITY, KS","37.567","126.967","87.0","2019-12-02","0.13","30",,
"KSM00047108","SEOUL CITY, KS","37.567","126.967","87.0","2019-12-03","0.00","35",,"23"
"KSM00047108","SEOUL CITY, KS","37.567","126.967","87.0","2019-12-04","0.02","34",,
"KSM00047108","SEOUL CITY, KS","37.567","126.967","87.0","2019-12-05","0.00","21",,
"KSM00047108","SEOUL CITY, KS","37.567","126.967","87.0","2019-12-06",,"24",,"13"
"KSM00047108","SEOUL CITY, KS","37.567","126.967","87.0","2019-12-07",,"28",,"22"
"KSM00047108","SEOUL CITY, KS","37.567","126.967","87.0","2019-12-08","0.00","32",,"22"
"KSM00047108","SEOUL CITY, KS","37.567","126.967","87.0","2019-12-09","0.00","41",,"30"
"KSM00047108","SEOUL CITY, KS","37.567","126.967","87.0","2019-12-10","0.07","48",,"43"
"KSM00047108","SEOUL CITY, KS","37.567","126.967","87.0","2019-12-11","0.01","38",,
"KSM00047108","SEOUL CITY, KS","37.567","126.967","87.0","2019-12-12","0.00","30",,"26"
"KSM00047108","SEOUL CITY, KS","37.567","126.967","87.0","2019-12-13",,"39",,"25"
"KSM00047108","SEOUL CITY, KS","37.567","126.967","87.0","2019-12-14","0.04","36",,"32"
"KSM00047108","SEOUL CITY, KS","37.567","126.967","87.0","2019-12-15","0.00","42",,"33"
"KSM00047108","SEOUL CITY, KS","37.567","126.967","87.0","2019-12-16",,"49",,"36"
"KSM00047108","SEOUL CITY, KS","37.567","126.967","87.0","2019-12-17","0.38","42",,
"KSM00047108","SEOUL CITY, KS","37.567","126.967","87.0","2019-12-18","0.00","32",,
"KSM00047108","SEOUL CITY, KS","37.567","126.967","87.0","2019-12-19","0.00","31",,"24"
"KSM00047108","SEOUL CITY, KS","37.567","126.967","87.0","2019-12-20",,"28",,
"KSM00047108","SEOUL CITY, KS","37.567","126.967","87.0","2019-12-21",,"32",,"23"
"KSM00047108","SEOUL CITY, KS","37.567","126.967","87.0","2019-12-22","0.02","41",,"33"
"KSM00047108","SEOUL CITY, KS","37.567","126.967","87.0","2019-12-23","0.13","35",,
"KSM00047108","SEOUL CITY, KS","37.567","126.967","87.0","2019-12-24","0.00","33",,"27"
"KSM00047108","SEOUL CITY, KS","37.567","126.967","87.0","2019-12-25",,"38",,"27"
"KSM00047108","SEOUL CITY, KS","37.567","126.967","87.0","2019-12-26","0.00","32",,
"KSM00047108","SEOUL CITY, KS","37.567","126.967","87.0","2019-12-27","0.01","29",,"24"
"KSM00047108","SEOUL CITY, KS","37.567","126.967","87.0","2019-12-28","0.00","36",,"26"
"KSM00047108","SEOUL CITY, KS","37.567","126.967","87.0","2019-12-29",,"40",,"34"
"KSM00047108","SEOUL CITY, KS","37.567","126.967","87.0","2019-12-30","0.06","31",,
"KSM00047108","SEOUL CITY, KS","37.567","126.967","87.0","2019-12-31","0.01","20",,"12"
"KSM00047108","SEOUL CITY, KS","37.567","126.967","87.0","2020-01-01",,"30",,"20"
"KSM00047108","SEOUL CITY, KS","37.567","126.967","87.0","2020-01-02","0.00","33",,
"KSM00047108","SEOUL CITY, KS","37.567","126.967","87.0","2020-01-03","0.00","32",,"26"
"KSM00047108","SEOUL CITY, KS","37.567","126.967","87.0","2020-01-04",,"34",,"27"
"KSM00047108","SEOUL CITY, KS","37.567","126.967","87.0","2020-01-05",,"36",,"26"
"KSM00047108","SEOUL CITY, KS","37.567","126.967","87.0","2020-01-06",,"39",,"33"
"KSM00047108","SEOUL CITY, KS","37.567","126.967","87.0","2020-01-07","0.70","43",,
"KSM00047108","SEOUL CITY, KS","37.567","126.967","87.0","2020-01-08","1.65","34",,
"KSM00047108","SEOUL CITY, KS","37.567","126.967","87.0","2020-01-09","0.00","29",,
"KSM00047108","SEOUL CITY, KS","37.567","126.967","87.0","2020-01-10",,"32",,"24"
"KSM00047108","SEOUL CITY, KS","37.567","126.967","87.0","2020-01-11",,"33",,
"KSM00047108","SEOUL CITY, KS","37.567","126.967","87.0","2020-01-12",,"29",,
"KSM00047108","SEOUL CITY, KS","37.567","126.967","87.0","2020-01-13",,"27",,"24"
"KSM00047108","SEOUL CITY, KS","37.567","126.967","87.0","2020-01-14",,"28",,
"KSM00047108","SEOUL CITY, KS","37.567","126.967","87.0","2020-01-15",,"28",,"20"
"KSM00047108","SEOUL CITY, KS","37.567","126.967","87.0","2020-01-16",,"29",,"22"
"KSM00047108","SEOUL CITY, KS","37.567","126.967","87.0","2020-01-17",,"31",,"23"
"KSM00047108","SEOUL CITY, KS","37.567","126.967","87.0","2020-01-18",,"34",,"25"
"KSM00047108","SEOUL CITY, KS","37.567","126.967","87.0","2020-01-19",,"35",,
"KSM00047108","SEOUL CITY, KS","37.567","126.967","87.0","2020-01-20","0.02","31",,
"KSM00047108","SEOUL CITY, KS","37.567","126.967","87.0","2020-01-21","0.00","33",,"22"
"KSM00047108","SEOUL CITY, KS","37.567","126.967","87.0","2020-01-22",,"38",,"32"
"KSM00047108","SEOUL CITY, KS","37.567","126.967","87.0","2020-01-23",,"40",,
"KSM00047108","SEOUL CITY, KS","37.567","126.967","87.0","2020-01-24",,"37",,"30"
"KSM00047108","SEOUL CITY, KS","37.567","126.967","87.0","2020-01-25",,"40",,
"KSM00047108","SEOUL CITY, KS","37.567","126.967","87.0","2020-01-26",,"44",,"32"
"KSM00047108","SEOUL CITY, KS","37.567","126.967","87.0","2020-01-27",,"42",,
"KSM00047108","SEOUL CITY, KS","37.567","126.967","87.0","2020-01-28","0.00","44",,
"KSM00047108","SEOUL CITY, KS","37.567","126.967","87.0","2020-01-29","0.00","42",,
"KSM00047108","SEOUL CITY, KS","37.567","126.967","87.0","2020-01-30",,"41",,"35"
"KSM00047108","SEOUL CITY, KS","37.567","126.967","87.0","2020-01-31",,"38",,
"KSM00047108","SEOUL CITY, KS","37.567","126.967","87.0","2020-02-01",,"36",,
"KSM00047108","SEOUL CITY, KS","37.567","126.967","87.0","2020-02-02",,"35",,"28"
"KSM00047108","SEOUL CITY, KS","37.567","126.967","87.0","2020-02-03",,"29",,
"KSM00047108","SEOUL CITY, KS","37.567","126.967","87.0","2020-02-04","0.39","29",,
"KSM00047108","SEOUL CITY, KS","37.567","126.967","87.0","2020-02-05","0.07","16",,
"KSM00047108","SEOUL CITY, KS","37.567","126.967","87.0","2020-02-06","0.00","23",,"11"
"KSM00047108","SEOUL CITY, KS","37.567","126.967","87.0","2020-02-07",,"31",,"19"
"KSM00047108","SEOUL CITY, KS","37.567","126.967","87.0","2020-02-08",,"30",,
"KSM00047108","SEOUL CITY, KS","37.567","126.967","87.0","2020-02-09",,"33",,"22"
"KSM00047108","SEOUL CITY, KS","37.567","126.967","87.0","2020-02-10",,"39",,"31"
"KSM00047108","SEOUL CITY, KS","37.567","126.967","87.0","2020-02-11",,"47",,"31"
"KSM00047108","SEOUL CITY, KS","37.567","126.967","87.0","2020-02-12","0.00","45",,
"KSM00047108","SEOUL CITY, KS","37.567","126.967","87.0","2020-02-13","0.26","43",,
"KSM00047108","SEOUL CITY, KS","37.567","126.967","87.0","2020-02-14","0.00","48",,"38"
"KSM00047108","SEOUL CITY, KS","37.567","126.967","87.0","2020-02-15",,"47",,
"KSM00047108","SEOUL CITY, KS","37.567","126.967","87.0","2020-02-16","0.57","27",,
"KSM00047108","SEOUL CITY, KS","37.567","126.967","87.0","2020-02-17","0.08","20",,
"KSM00047108","SEOUL CITY, KS","37.567","126.967","87.0","2020-02-18","0.00","26",,"17"
"KSM00047108","SEOUL CITY, KS","37.567","126.967","87.0","2020-02-19",,"36",,"24"
"KSM00047108","SEOUL CITY, KS","37.567","126.967","87.0","2020-02-20",,"41",,"31"
"KSM00047108","SEOUL CITY, KS","37.567","126.967","87.0","2020-02-21",,"45",,"36"
"KSM00047108","SEOUL CITY, KS","37.567","126.967","87.0","2020-02-22","0.29","36",,
"KSM00047108","SEOUL CITY, KS","37.567","126.967","87.0","2020-02-23","0.00","38",,"27"
"KSM00047108","SEOUL CITY, KS","37.567","126.967","87.0","2020-02-24",,"47",,"33"
"KSM00047108","SEOUL CITY, KS","37.567","126.967","87.0","2020-02-25","0.34","43",,
"KSM00047108","SEOUL CITY, KS","37.567","126.967","87.0","2020-02-26","0.31","43",,
"KSM00047108","SEOUL CITY, KS","37.567","126.967","87.0","2020-02-27","0.00","44",,"34"
"KSM00047108","SEOUL CITY, KS","37.567","126.967","87.0","2020-02-28",,"40",,"39"
"KSM00047108","SEOUL CITY, KS","37.567","126.967","87.0","2020-02-29","0.17","45",,
"KSM00047108","SEOUL CITY, KS","37.567","126.967","87.0","2020-03-01","0.00","41",,
"KSM00047108","SEOUL CITY, KS","37.567","126.967","87.0","2020-03-02","0.01","38",,"32"
"KSM00047108","SEOUL CITY, KS","37.567","126.967","87.0","2020-03-03","0.00","42",,"33"
"KSM00047108","SEOUL CITY, KS","37.567","126.967","87.0","2020-03-04",,"33",,
"KSM00047108","SEOUL CITY, KS","37.567","126.967","87.0","2020-03-05",,"35",,"27"
"KSM00047108","SEOUL CITY, KS","37.567","126.967","87.0","2020-03-06",,"40",,"27"
"KSM00047108","SEOUL CITY, KS","37.567","126.967","87.0","2020-03-07",,"45",,"34"
"KSM00047108","SEOUL CITY, KS","37.567","126.967","87.0","2020-03-08",,"50",,"36"
"KSM00047108","SEOUL CITY, KS","37.567","126.967","87.0","2020-03-09",,"53",,"41"
"KSM00047108","SEOUL CITY, KS","37.567","126.967","87.0","2020-03-10","0.19","40",,
"KSM00047108","SEOUL CITY, KS","37.567","126.967","87.0","2020-03-11","0.28","39",,"32"
"KSM00047108","SEOUL CITY, KS","37.567","126.967","87.0","2020-03-12","0.00","46",,"32"
"KSM00047108","SEOUL CITY, KS","37.567","126.967","87.0","2020-03-13","0.02","37",,
"KSM00047108","SEOUL CITY, KS","37.567","126.967","87.0","2020-03-14","0.00","41",,"27"
"KSM00047108","SEOUL CITY, KS","37.567","126.967","87.0","2020-03-15",,"38",,
"KSM00047108","SEOUL CITY, KS","37.567","126.967","87.0","2020-03-16",,"41",,"28"
"KSM00047108","SEOUL CITY, KS","37.567","126.967","87.0","2020-03-17",,"44",,"38"
"KSM00047108","SEOUL CITY, KS","37.567","126.967","87.0","2020-03-18",,"53",,"37"
"KSM00047108","SEOUL CITY, KS","37.567","126.967","87.0","2020-03-19",,"45",,
"KSM00047108","SEOUL CITY, KS","37.567","126.967","87.0","2020-03-20",,"50",,"38"
"KSM00047108","SEOUL CITY, KS","37.567","126.967","87.0","2020-03-21",,"55",,
"KSM00047108","SEOUL CITY, KS","37.567","126.967","87.0","2020-03-22",,"51",,
"KSM00047108","SEOUL CITY, KS","37.567","126.967","87.0","2020-03-23",,"51",,
"KSM00047108","SEOUL CITY, KS","37.567","126.967","87.0","2020-03-24",,"53",,"42"
"KSM00047108","SEOUL CITY, KS","37.567","126.967","87.0","2020-03-25",,"55",,"43"
"KSM00047108","SEOUL CITY, KS","37.567","126.967","87.0","2020-03-26",,"60",,"47"
"KSM00047108","SEOUL CITY, KS","37.567","126.967","87.0","2020-03-27","0.15","50",,
"KSM00047108","SEOUL CITY, KS","37.567","126.967","87.0","2020-03-28","0.00","44",,
"KSM00047108","SEOUL CITY, KS","37.567","126.967","87.0","2020-03-29",,"49",,"34"
"KSM00047108","SEOUL CITY, KS","37.567","126.967","87.0","2020-03-30",,"50",,"40"
"KSM00047108","SEOUL CITY, KS","37.567","126.967","87.0","2020-03-31",,"56",,"40"
"KSM00047108","SEOUL CITY, KS","37.567","126.967","87.0","2020-04-01",,"49",,
"KSM00047108","SEOUL CITY, KS","37.567","126.967","87.0","2020-04-02",,"49",,"38"
"KSM00047108","SEOUL CITY, KS","37.567","126.967","87.0","2020-04-03",,"51",,"42"
"KSM00047108","SEOUL CITY, KS","37.567","126.967","87.0","2020-04-04",,"46",,
"KSM00047108","SEOUL CITY, KS","37.567","126.967","87.0","2020-04-05",,"45",,"35"
"KSM00047108","SEOUL CITY, KS","37.567","126.967","87.0","2020-04-06",,"50",,"37"
"KSM00047108","SEOUL CITY, KS","37.567","126.967","87.0","2020-04-07",,"51",,
"KSM00047108","SEOUL CITY, KS","37.567","126.967","87.0","2020-04-08",,"49",,
"KSM00047108","SEOUL CITY, KS","37.567","126.967","87.0","2020-04-09",,"49",,"40"
"KSM00047108","SEOUL CITY, KS","37.567","126.967","87.0","2020-04-10",,"52",,"42"
"KSM00047108","SEOUL CITY, KS","37.567","126.967","87.0","2020-04-11",,"49",,
"KSM00047108","SEOUL CITY, KS","37.567","126.967","87.0","2020-04-12",,"50",,"40"
"KSM00047108","SEOUL CITY, KS","37.567","126.967","87.0","2020-04-13",,"56",,"40"
"KSM00047108","SEOUL CITY, KS","37.567","126.967","87.0","2020-04-14",,"55",,
"KSM00047108","SEOUL CITY, KS","37.567","126.967","87.0","2020-04-15",,"56",,"45"
"KSM00047108","SEOUL CITY, KS","37.567","126.967","87.0","2020-04-16",,"63",,"48"
"KSM00047108","SEOUL CITY, KS","37.567","126.967","87.0","2020-04-17","0.04","52",,
"KSM00047108","SEOUL CITY, KS","37.567","126.967","87.0","2020-04-18","0.22","57",,"47"
"KSM00047108","SEOUL CITY, KS","37.567","126.967","87.0","2020-04-19","0.00","53",,
"KSM00047108","SEOUL CITY, KS","37.567","126.967","87.0","2020-04-20","0.41","49",,
"KSM00047108","SEOUL CITY, KS","37.567","126.967","87.0","2020-04-21","0.00","44",,
"KSM00047108","SEOUL CITY, KS","37.567","126.967","87.0","2020-04-22","0.00","42",,
"KSM00047108","SEOUL CITY, KS","37.567","126.967","87.0","2020-04-23",,"47",,"37"
"KSM00047108","SEOUL CITY, KS","37.567","126.967","87.0","2020-04-24",,"52",,"39"
"KSM00047108","SEOUL CITY, KS","37.567","126.967","87.0","2020-04-25",,"54",,
"KSM00047108","SEOUL CITY, KS","37.567","126.967","87.0","2020-04-26",,"55",,"44"
"KSM00047108","SEOUL CITY, KS","37.567","126.967","87.0","2020-04-27",,"55",,
"KSM00047108","SEOUL CITY, KS","37.567","126.967","87.0","2020-04-28",,"58",,"46"
"KSM00047108","SEOUL CITY, KS","37.567","126.967","87.0","2020-04-29",,"59",,
"KSM00047108","SEOUL CITY, KS","37.567","126.967","87.0","2020-04-30",,"66",,"49"
"KSM00047108","SEOUL CITY, KS","37.567","126.967","87.0","2020-05-01",,"69",,"62"
"KSM00047108","SEOUL CITY, KS","37.567","126.967","87.0","2020-05-02",,"68",,
"KSM00047108","SEOUL CITY, KS","37.567","126.967","87.0","2020-05-03",,"72",,"63"
"KSM00047108","SEOUL CITY, KS","37.567","126.967","87.0","2020-05-04",,"66",,
"KSM00047108","SEOUL CITY, KS","37.567","126.967","87.0","2020-05-05",,"60",,
"KSM00047108","SEOUL CITY, KS","37.567","126.967","87.0","2020-05-06",,"69",,"52"
"KSM00047108","SEOUL CITY, KS","37.567","126.967","87.0","2020-05-07",,"70",,"59"
"KSM00047108","SEOUL CITY, KS","37.567","126.967","87.0","2020-05-08",,"66",,
"KSM00047108","SEOUL CITY, KS","37.567","126.967","87.0","2020-05-09","0.57","58",,"55"
"KSM00047108","SEOUL CITY, KS","37.567","126.967","87.0","2020-05-10","0.53","58",,"55"
"KSM00047108","SEOUL CITY, KS","37.567","126.967","87.0","2020-05-11","0.00","61",,
"KSM00047108","SEOUL CITY, KS","37.567","126.967","87.0","2020-05-12","0.16","58",,
"KSM00047108","SEOUL CITY, KS","37.567","126.967","87.0","2020-05-13","0.00","62",,"50"
"KSM00047108","SEOUL CITY, KS","37.567","126.967","87.0","2020-05-14",,"69",,"54"
"KSM00047108","SEOUL CITY, KS","37.567","126.967","87.0","2020-05-15","0.13","59",,"59"
"KSM00047108","SEOUL CITY, KS","37.567","126.967","87.0","2020-05-16","0.43","62",,
"KSM00047108","SEOUL CITY, KS","37.567","126.967","87.0","2020-05-17","0.01","68",,"58"
"KSM00047108","SEOUL CITY, KS","37.567","126.967","87.0","2020-05-18","0.00","64",,
"KSM00047108","SEOUL CITY, KS","37.567","126.967","87.0","2020-05-19","1.40","54",,
"KSM00047108","SEOUL CITY, KS","37.567","126.967","87.0","2020-05-20","0.52","59",,"49"
"KSM00047108","SEOUL CITY, KS","37.567","126.967","87.0","2020-05-21","0.00","65",,"52"
"KSM00047108","SEOUL CITY, KS","37.567","126.967","87.0","2020-05-22",,"66",,"59"
"KSM00047108","SEOUL CITY, KS","37.567","126.967","87.0","2020-05-23",,"69",,"62"
"KSM00047108","SEOUL CITY, KS","37.567","126.967","87.0","2020-05-24","0.57","61",,
"KSM00047108","SEOUL CITY, KS","37.567","126.967","87.0","2020-05-25","0.00","61",,
"KSM00047108","SEOUL CITY, KS","37.567","126.967","87.0","2020-05-26",,"61",,
"KSM00047108","SEOUL CITY, KS","37.567","126.967","87.0","2020-05-27","0.06","64",,"53"
"KSM00047108","SEOUL CITY, KS","37.567","126.967","87.0","2020-05-28","0.00","66",,"58"
"KSM00047108","SEOUL CITY, KS","37.567","126.967","87.0","2020-05-29",,"70",,"58"
"KSM00047108","SEOUL CITY, KS","37.567","126.967","87.0","2020-05-30",,"73",,"62"
"KSM00047108","SEOUL CITY, KS","37.567","126.967","87.0","2020-05-31",,"70",,
"KSM00047108","SEOUL CITY, KS","37.567","126.967","87.0","2020-06-01","0.06","67",,
"KSM00047108","SEOUL CITY, KS","37.567","126.967","87.0","2020-06-02","0.00","65",,"59"
"KSM00047108","SEOUL CITY, KS","37.567","126.967","87.0","2020-06-03","0.08","73",,"64"
"KSM00047108","SEOUL CITY, KS","37.567","126.967","87.0","2020-06-04","0.01","71",,
"KSM00047108","SEOUL CITY, KS","37.567","126.967","87.0","2020-06-05","0.00","74",,"65"
"KSM00047108","SEOUL CITY, KS","37.567","126.967","87.0","2020-06-06",,"76",,"67"
"KSM00047108","SEOUL CITY, KS","37.567","126.967","87.0","2020-06-07",,"73",,"67"
"KSM00047108","SEOUL CITY, KS","37.567","126.967","87.0","2020-06-08",,"77",,"68"
"KSM00047108","SEOUL CITY, KS","37.567","126.967","87.0","2020-06-09",,"81",,"69"
"KSM00047108","SEOUL CITY, KS","37.567","126.967","87.0","2020-06-10",,"78",,
"KSM00047108","SEOUL CITY, KS","37.567","126.967","87.0","2020-06-11","0.24","79",,"71"
"KSM00047108","SEOUL CITY, KS","37.567","126.967","87.0","2020-06-12","0.00","76",,
"KSM00047108","SEOUL CITY, KS","37.567","126.967","87.0","2020-06-13",,"81",,"69"
"KSM00047108","SEOUL CITY, KS","37.567","126.967","87.0","2020-06-14","0.04","74",,
"KSM00047108","SEOUL CITY, KS","37.567","126.967","87.0","2020-06-15","0.00","74",,"65"
"KSM00047108","SEOUL CITY, KS","37.567","126.967","87.0","2020-06-16",,"76",,"68"
"KSM00047108","SEOUL CITY, KS","37.567","126.967","87.0","2020-06-17",,"76",,"68"
"KSM00047108","SEOUL CITY, KS","37.567","126.967","87.0","2020-06-18",,"75",,"69"
"KSM00047108","SEOUL CITY, KS","37.567","126.967","87.0","2020-06-19","0.00","76",,
"KSM00047108","SEOUL CITY, KS","37.567","126.967","87.0","2020-06-20","0.00","76",,
"KSM00047108","SEOUL CITY, KS","37.567","126.967","87.0","2020-06-21",,"80",,"67"
"KSM00047108","SEOUL CITY, KS","37.567","126.967","87.0","2020-06-22",,"84",,"71"
"KSM00047108","SEOUL CITY, KS","37.567","126.967","87.0","2020-06-23",,"82",,"74"
"KSM00047108","SEOUL CITY, KS","37.567","126.967","87.0","2020-06-24","0.01","70",,
"KSM00047108","SEOUL CITY, KS","37.567","126.967","87.0","2020-06-25","1.90","70",,
"KSM00047108","SEOUL CITY, KS","37.567","126.967","87.0","2020-06-26","0.17","72",,"67"
"KSM00047108","SEOUL CITY, KS","37.567","126.967","87.0","2020-06-27","0.00","76",,"69"
"KSM00047108","SEOUL CITY, KS","37.567","126.967","87.0","2020-06-28",,"77",,
"KSM00047108","SEOUL CITY, KS","37.567","126.967","87.0","2020-06-29",,"74",,
"KSM00047108","SEOUL CITY, KS","37.567","126.967","87.0","2020-06-30","2.99","68",,
"KSM00047108","SEOUL CITY, KS","37.567","126.967","87.0","2020-07-01",,"71",,"65"
"KSM00047108","SEOUL CITY, KS","37.567","126.967","87.0","2020-07-02",,"76",,"69"
"KSM00047108","SEOUL CITY, KS","37.567","126.967","87.0","2020-07-03",,"77",,
"KSM00047108","SEOUL CITY, KS","37.567","126.967","87.0","2020-07-04","0.07","75",,
"KSM00047108","SEOUL CITY, KS","37.567","126.967","87.0","2020-07-05","0.00","76",,"68"
"KSM00047108","SEOUL CITY, KS","37.567","126.967","87.0","2020-07-06",,"78",,"71"
"KSM00047108","SEOUL CITY, KS","37.567","126.967","87.0","2020-07-07",,"75",,
"KSM00047108","SEOUL CITY, KS","37.567","126.967","87.0","2020-07-08",,"78",,"70"
"KSM00047108","SEOUL CITY, KS","37.567","126.967","87.0","2020-07-09",,"83",,"71"
"KSM00047108","SEOUL CITY, KS","37.567","126.967","87.0","2020-07-10","0.08","75",,
"KSM00047108","SEOUL CITY, KS","37.567","126.967","87.0","2020-07-11","0.01","78",,"72"
"KSM00047108","SEOUL CITY, KS","37.567","126.967","87.0","2020-07-12","0.00","72",,
"KSM00047108","SEOUL CITY, KS","37.567","126.967","87.0","2020-07-13","0.76","65",,
"KSM00047108","SEOUL CITY, KS","37.567","126.967","87.0","2020-07-14","1.68","69",,"63"
"KSM00047108","SEOUL CITY, KS","37.567","126.967","87.0","2020-07-15","0.00","75",,"66"
"KSM00047108","SEOUL CITY, KS","37.567","126.967","87.0","2020-07-16",,"78",,"69"
"KSM00047108","SEOUL CITY, KS","37.567","126.967","87.0","2020-07-17",,"79",,"71"
"KSM00047108","SEOUL CITY, KS","37.567","126.967","87.0","2020-07-18",,"79",,"73"
"KSM00047108","SEOUL CITY, KS","37.567","126.967","87.0","2020-07-19","0.91","76",,"69"
"KSM00047108","SEOUL CITY, KS","37.567","126.967","87.0","2020-07-20","0.35","73",,
"KSM00047108","SEOUL CITY, KS","37.567","126.967","87.0","2020-07-21","0.03","78",,"71"
"KSM00047108","SEOUL CITY, KS","37.567","126.967","87.0","2020-07-22","0.26","74",,
"KSM00047108","SEOUL CITY, KS","37.567","126.967","87.0","2020-07-23","0.28","69",,
"KSM00047108","SEOUL CITY, KS","37.567","126.967","87.0","2020-07-24","3.98","73",,"66"
"KSM00047108","SEOUL CITY, KS","37.567","126.967","87.0","2020-07-25","0.10","76",,
"KSM00047108","SEOUL CITY, KS","37.567","126.967","87.0","2020-07-26","0.00","79",,"71"
"KSM00047108","SEOUL CITY, KS","37.567","126.967","87.0","2020-07-27","0.02","75",,
"KSM00047108","SEOUL CITY, KS","37.567","126.967","87.0","2020-07-28","0.06","76",,"73"
"KSM00047108","SEOUL CITY, KS","37.567","126.967","87.0","2020-07-29","0.33","75",,"73"
"KSM00047108","SEOUL CITY, KS","37.567","126.967","87.0","2020-07-30","1.67","77",,
"KSM00047108","SEOUL CITY, KS","37.567","126.967","87.0","2020-07-31","0.00","80",,"73"
"KSM00047108","SEOUL CITY, KS","37.567","126.967","87.0","2020-08-01","0.13","77",,
"KSM00047108","SEOUL CITY, KS","37.567","126.967","87.0","2020-08-02","1.63","77",,
"KSM00047108","SEOUL CITY, KS","37.567","126.967","87.0","2020-08-03","3.30","77",,
"KSM00047108","SEOUL CITY, KS","37.567","126.967","87.0","2020-08-04","1.88","81",,"77"
"KSM00047108","SEOUL CITY, KS","37.567","126.967","87.0","2020-08-05","0.16","79",,
"KSM00047108","SEOUL CITY, KS","37.567","126.967","87.0","2020-08-06","3.61","75",,
"KSM00047108","SEOUL CITY, KS","37.567","126.967","87.0","2020-08-07","0.02","76",,"73"
"KSM00047108","SEOUL CITY, KS","37.567","126.967","87.0","2020-08-08","0.00","76",,"73"
"KSM00047108","SEOUL CITY, KS","37.567","126.967","87.0","2020-08-09","1.22","77",,"75"
"KSM00047108","SEOUL CITY, KS","37.567","126.967","87.0","2020-08-10","1.64","79",,
"KSM00047108","SEOUL CITY, KS","37.567","126.967","87.0","2020-08-11","5.43","76",,"72"
"KSM00047108","SEOUL CITY, KS","37.567","126.967","87.0","2020-08-12","0.01","82",,"74"
"KSM00047108","SEOUL CITY, KS","37.567","126.967","87.0","2020-08-13","0.00","83",,"79"
"KSM00047108","SEOUL CITY, KS","37.567","126.967","87.0","2020-08-14","0.02","80",,
"KSM00047108","SEOUL CITY, KS","37.567","126.967","87.0","2020-08-15","1.74","79",,"77"
"KSM00047108","SEOUL CITY, KS","37.567","126.967","87.0","2020-08-16","0.98","82",,"78"
"KSM00047108","SEOUL CITY, KS","37.567","126.967","87.0","2020-08-17","0.00","82",,
"KSM00047108","SEOUL CITY, KS","37.567","126.967","87.0","2020-08-18",,"81",,
"KSM00047108","SEOUL CITY, KS","37.567","126.967","87.0","2020-08-19",,"81",,"74"
"KSM00047108","SEOUL CITY, KS","37.567","126.967","87.0","2020-08-20",,"82",,"77"
"KSM00047108","SEOUL CITY, KS","37.567","126.967","87.0","2020-08-21",,"80",,
"KSM00047108","SEOUL CITY, KS","37.567","126.967","87.0","2020-08-22","0.10","74",,
"KSM00047108","SEOUL CITY, KS","37.567","126.967","87.0","2020-08-23","1.68","79",,"71"
"KSM00047108","SEOUL CITY, KS","37.567","126.967","87.0","2020-08-24","0.00","83",,"75"
"KSM00047108","SEOUL CITY, KS","37.567","126.967","87.0","2020-08-25",,"86",,"79"
"KSM00047108","SEOUL CITY, KS","37.567","126.967","87.0","2020-08-26",,"86",,
"KSM00047108","SEOUL CITY, KS","37.567","126.967","87.0","2020-08-27","0.26","80",,"78"
"KSM00047108","SEOUL CITY, KS","37.567","126.967","87.0","2020-08-28","0.41","81",,
"KSM00047108","SEOUL CITY, KS","37.567","126.967","87.0","2020-08-29","0.23","80",,
"KSM00047108","SEOUL CITY, KS","37.567","126.967","87.0","2020-08-30","2.10","80",,
"KSM00047108","SEOUL CITY, KS","37.567","126.967","87.0","2020-08-31","0.11","80",,"75"
"KSM00047108","SEOUL CITY, KS","37.567","126.967","87.0","2020-09-01","0.00","80",,"75"
"KSM00047108","SEOUL CITY, KS","37.567","126.967","87.0","2020-09-02","0.02","74",,
"KSM00047108","SEOUL CITY, KS","37.567","126.967","87.0","2020-09-03","2.45","72",,"68"
"KSM00047108","SEOUL CITY, KS","37.567","126.967","87.0","2020-09-04","0.01","73",,
"KSM00047108","SEOUL CITY, KS","37.567","126.967","87.0","2020-09-05","0.00","74",,"67"
"KSM00047108","SEOUL CITY, KS","37.567","126.967","87.0","2020-09-06",,"70",,
"KSM00047108","SEOUL CITY, KS","37.567","126.967","87.0","2020-09-07","1.12","68",,"63"
"KSM00047108","SEOUL CITY, KS","37.567","126.967","87.0","2020-09-08","1.53","74",,"69"
"KSM00047108","SEOUL CITY, KS","37.567","126.967","87.0","2020-09-09","0.01","69",,
"KSM00047108","SEOUL CITY, KS","37.567","126.967","87.0","2020-09-10","0.20","73",,"66"
"KSM00047108","SEOUL CITY, KS","37.567","126.967","87.0","2020-09-11","0.00","71",,
"KSM00047108","SEOUL CITY, KS","37.567","126.967","87.0","2020-09-12","0.24","68",,
"KSM00047108","SEOUL CITY, KS","37.567","126.967","87.0","2020-09-13","0.03","71",,"62"
"KSM00047108","SEOUL CITY, KS","37.567","126.967","87.0","2020-09-14","0.00","71",,"64"
"KSM00047108","SEOUL CITY, KS","37.567","126.967","87.0","2020-09-15",,"74",,"66"
"KSM00047108","SEOUL CITY, KS","37.567","126.967","87.0","2020-09-16",,"72",,
"KSM00047108","SEOUL CITY, KS","37.567","126.967","87.0","2020-09-17","0.01","69",,
"KSM00047108","SEOUL CITY, KS","37.567","126.967","87.0","2020-09-18","0.00","70",,"65"
"KSM00047108","SEOUL CITY, KS","37.567","126.967","87.0","2020-09-19","0.01","69",,
"KSM00047108","SEOUL CITY, KS","37.567","126.967","87.0","2020-09-20","0.00","67",,
"KSM00047108","SEOUL CITY, KS","37.567","126.967","87.0","2020-09-21",,"67",,"56"
"KSM00047108","SEOUL CITY, KS","37.567","126.967","87.0","2020-09-22",,"68",,"60"
"KSM00047108","SEOUL CITY, KS","37.567","126.967","87.0","2020-09-23",,"67",,"59"
"KSM00047108","SEOUL CITY, KS","37.567","126.967","87.0","2020-09-24",,"69",,
"KSM00047108","SEOUL CITY, KS","37.567","126.967","87.0","2020-09-25",,"68",,
"KSM00047108","SEOUL CITY, KS","37.567","126.967","87.0","2020-09-26",,"67",,"59"
"KSM00047108","SEOUL CITY, KS","37.567","126.967","87.0","2020-09-27",,"69",,"59"
"KSM00047108","SEOUL CITY, KS","37.567","126.967","87.0","2020-09-28",,"69",,
"KSM00047108","SEOUL CITY, KS","37.567","126.967","87.0","2020-09-29",,"68",,"60"
"KSM00047108","SEOUL CITY, KS","37.567","126.967","87.0","2020-09-30",,"67",,
"KSM00047108","SEOUL CITY, KS","37.567","126.967","87.0","2020-10-01","1.51","66",,"60"
"KSM00047108","SEOUL CITY, KS","37.567","126.967","87.0","2020-10-02","0.00","68",,"61"
"KSM00047108","SEOUL CITY, KS","37.567","126.967","87.0","2020-10-03",,"67",,
"KSM00047108","SEOUL CITY, KS","37.567","126.967","87.0","2020-10-04",,"58",,
"KSM00047108","SEOUL CITY, KS","37.567","126.967","87.0","2020-10-05",,"56",,"47"
"KSM00047108","SEOUL CITY, KS","37.567","126.967","87.0","2020-10-06",,"58",,"49"
"KSM00047108","SEOUL CITY, KS","37.567","126.967","87.0","2020-10-07",,"62",,"50"
"KSM00047108","SEOUL CITY, KS","37.567","126.967","87.0","2020-10-08",,"63",,"54"
"KSM00047108","SEOUL CITY, KS","37.567","126.967","87.0","2020-10-09",,"63",,"54"
"KSM00047108","SEOUL CITY, KS","37.567","126.967","87.0","2020-10-10",,"63",,"54"
"KSM00047108","SEOUL CITY, KS","37.567","126.967","87.0","2020-10-11",,"63",,"55"
"KSM00047108","SEOUL CITY, KS","37.567","126.967","87.0","2020-10-12",,"59",,
"KSM00047108","SEOUL CITY, KS","37.567","126.967","87.0","2020-10-13",,"57",,"47"
"KSM00047108","SEOUL CITY, KS","37.567","126.967","87.0","2020-10-14",,"53",,
"KSM00047108","SEOUL CITY, KS","37.567","126.967","87.0","2020-10-15",,"54",,"44"
"KSM00047108","SEOUL CITY, KS","37.567","126.967","87.0","2020-10-16",,"54",,"47"
"KSM00047108","SEOUL CITY, KS","37.567","126.967","87.0","2020-10-17",,"55",,
"KSM00047108","SEOUL CITY, KS","37.567","126.967","87.0","2020-10-18",,"58",,"45"
"KSM00047108","SEOUL CITY, KS","37.567","126.967","87.0","2020-10-19",,"59",,"50"
"KSM00047108","SEOUL CITY, KS","37.567","126.967","87.0","2020-10-20",,"60",,"50"
"KSM00047108","SEOUL CITY, KS","37.567","126.967","87.0","2020-10-21",,"58",,"53"
"KSM00047108","SEOUL CITY, KS","37.567","126.967","87.0","2020-10-22",,"54",,
"KSM00047108","SEOUL CITY, KS","37.567","126.967","87.0","2020-10-23",,"46",,
"KSM00047108","SEOUL CITY, KS","37.567","126.967","87.0","2020-10-24",,"49",,"38"
"KSM00047108","SEOUL CITY, KS","37.567","126.967","87.0","2020-10-25",,"54",,"42"
"KSM00047108","SEOUL CITY, KS","37.567","126.967","87.0","2020-10-26",,"56",,"46"
"KSM00047108","SEOUL CITY, KS","37.567","126.967","87.0","2020-10-27",,"59",,"48"
"KSM00047108","SEOUL CITY, KS","37.567","126.967","87.0","2020-10-28",,"54",,
"KSM00047108","SEOUL CITY, KS","37.567","126.967","87.0","2020-10-29",,"52",,"42"
"KSM00047108","SEOUL CITY, KS","37.567","126.967","87.0","2020-10-30",,"54",,"42"
"KSM00047108","SEOUL CITY, KS","37.567","126.967","87.0","2020-10-31",,"59",,"47"
"KSM00047108","SEOUL CITY, KS","37.567","126.967","87.0","2020-11-01","0.07","54",,
"KSM00047108","SEOUL CITY, KS","37.567","126.967","87.0","2020-11-02","0.47","50",,
"KSM00047108","SEOUL CITY, KS","37.567","126.967","87.0","2020-11-03","0.09","39",,
"KSM00047108","SEOUL CITY, KS","37.567","126.967","87.0","2020-11-04","0.00","42",,"32"
"KSM00047108","SEOUL CITY, KS","37.567","126.967","87.0","2020-11-05",,"52",,"38"
"KSM00047108","SEOUL CITY, KS","37.567","126.967","87.0","2020-11-06",,"58",,"50"
"KSM00047108","SEOUL CITY, KS","37.567","126.967","87.0","2020-11-07","0.00","56",,
"KSM00047108","SEOUL CITY, KS","37.567","126.967","87.0","2020-11-08","0.00","43",,
"KSM00047108","SEOUL CITY, KS","37.567","126.967","87.0","2020-11-09",,"43",,"33"
"KSM00047108","SEOUL CITY, KS","37.567","126.967","87.0","2020-11-10",,"46",,"38"
"KSM00047108","SEOUL CITY, KS","37.567","126.967","87.0","2020-11-11",,"49",,"38"
"KSM00047108","SEOUL CITY, KS","37.567","126.967","87.0","2020-11-12",,"52",,"40"
"KSM00047108","SEOUL CITY, KS","37.567","126.967","87.0","2020-11-13",,"53",,
"KSM00047108","SEOUL CITY, KS","37.567","126.967","87.0","2020-11-14",,"55",,"44"
"KSM00047108","SEOUL CITY, KS","37.567","126.967","87.0","2020-11-15",,"52",,"47"
"KSM00047108","SEOUL CITY, KS","37.567","126.967","87.0","2020-11-16",,"56",,"45"
"KSM00047108","SEOUL CITY, KS","37.567","126.967","87.0","2020-11-17",,"62",,"53"
"KSM00047108","SEOUL CITY, KS","37.567","126.967","87.0","2020-11-18","0.25","64",,"59"
"KSM00047108","SEOUL CITY, KS","37.567","126.967","87.0","2020-11-19","3.54","50",,
"KSM00047108","SEOUL CITY, KS","37.567","126.967","87.0","2020-11-20","0.11","35",,
"KSM00047108","SEOUL CITY, KS","37.567","126.967","87.0","2020-11-21","0.00","47",,"31"
"KSM00047108","SEOUL CITY, KS","37.567","126.967","87.0","2020-11-22","0.20","39",,
"KSM00047108","SEOUL CITY, KS","37.567","126.967","87.0","2020-11-23","0.00","35",,"29"
"KSM00047108","SEOUL CITY, KS","37.567","126.967","87.0","2020-11-24",,"37",,"32"
"KSM00047108","SEOUL CITY, KS","37.567","126.967","87.0","2020-11-25",,"41",,"32"
"KSM00047108","SEOUL CITY, KS","37.567","126.967","87.0","2020-11-26",,"43",,"35"
"KSM00047108","SEOUL CITY, KS","37.567","126.967","87.0","2020-11-27",,"37",,
"KSM00047108","SEOUL CITY, KS","37.567","126.967","87.0","2020-11-28",,"31",,
"KSM00047108","SEOUL CITY, KS","37.567","126.967","87.0","2020-11-29",,"31",,"26"
"KSM00047108","SEOUL CITY, KS","37.567","126.967","87.0","2020-11-30",,"32",,"26"
"KSM00047108","SEOUL CITY, KS","37.567","126.967","87.0","2020-12-01",,"36",,"26"
"KSM00047108","SEOUL CITY, KS","37.567","126.967","87.0","2020-12-02",,"36",,
"KSM00047108","SEOUL CITY, KS","37.567","126.967","87.0","2020-12-03",,"32",,
"KSM00047108","SEOUL CITY, KS","37.567","126.967","87.0","2020-12-04",,"32",,"24"
"KSM00047108","SEOUL CITY, KS","37.567","126.967","87.0","2020-12-05",,"37",,"28"
"KSM00047108","SEOUL CITY, KS","37.567","126.967","87.0","2020-12-06",,"41",,"34"
"KSM00047108","SEOUL CITY, KS","37.567","126.967","87.0","2020-12-07",,"35",,
"KSM00047108","SEOUL CITY, KS","37.567","126.967","87.0","2020-12-08",,"31",,
"KSM00047108","SEOUL CITY, KS","37.567","126.967","87.0","2020-12-09",,"38",,"25"
"KSM00047108","SEOUL CITY, KS","37.567","126.967","87.0","2020-12-10",,"42",,
"KSM00047108","SEOUL CITY, KS","37.567","126.967","87.0","2020-12-11",,"41",,
"KSM00047108","SEOUL CITY, KS","37.567","126.967","87.0","2020-12-12",,"36",,"31"
"KSM00047108","SEOUL CITY, KS","37.567","126.967","87.0","2020-12-13","0.07","26",,
"KSM00047108","SEOUL CITY, KS","37.567","126.967","87.0","2020-12-14","0.04","17",,
"KSM00047108","SEOUL CITY, KS","37.567","126.967","87.0","2020-12-15","0.00","17",,
"KSM00047108","SEOUL CITY, KS","37.567","126.967","87.0","2020-12-16",,"17",,"12"
"KSM00047108","SEOUL CITY, KS","37.567","126.967","87.0","2020-12-17",,"27",,"12"
"KSM00047108","SEOUL CITY, KS","37.567","126.967","87.0","2020-12-18","0.01","25",,
"KSM00047108","SEOUL CITY, KS","37.567","126.967","87.0","2020-12-19","0.00","23",,"15"
"KSM00047108","SEOUL CITY, KS","37.567","126.967","87.0","2020-12-20",,"26",,"17"
"KSM00047108","SEOUL CITY, KS","37.567","126.967","87.0","2020-12-21",,"32",,"21"
"KSM00047108","SEOUL CITY, KS","37.567","126.967","87.0","2020-12-22",,"36",,"27"
"KSM00047108","SEOUL CITY, KS","37.567","126.967","87.0","2020-12-23",,"42",,"31"
"KSM00047108","SEOUL CITY, KS","37.567","126.967","87.0","2020-12-24",,"33",,
"KSM00047108","SEOUL CITY, KS","37.567","126.967","87.0","2020-12-25",,"31",,"24"
"KSM00047108","SEOUL CITY, KS","37.567","126.967","87.0","2020-12-26",,"38",,"28"
"KSM00047108","SEOUL CITY, KS","37.567","126.967","87.0","2020-12-27",,"44",,"35"
"KSM00047108","SEOUL CITY, KS","37.567","126.967","87.0","2020-12-28","0.05","42",,
"KSM00047108","SEOUL CITY, KS","37.567","126.967","87.0","2020-12-29","0.00","27",,
"KSM00047108","SEOUL CITY, KS","37.567","126.967","87.0","2020-12-30","0.01","11",,
"KSM00047108","SEOUL CITY, KS","37.567","126.967","87.0","2020-12-31","0.00","17",,"9"
"KSM00047108","SEOUL CITY, KS","37.567","126.967","87.0","2021-01-01",,"26",,"14"
"KSM00047108","SEOUL CITY, KS","37.567","126.967","87.0","2021-01-02",,"22",,
"KSM00047108","SEOUL CITY, KS","37.567","126.967","87.0","2021-01-03",,"22",,"16"
"KSM00047108","SEOUL CITY, KS","37.567","126.967","87.0","2021-01-04",,"28",,"17"
"KSM00047108","SEOUL CITY, KS","37.567","126.967","87.0","2021-01-05",,"19",,
"KSM00047108","SEOUL CITY, KS","37.567","126.967","87.0","2021-01-06","1.57","17",,
"KSM00047108","SEOUL CITY, KS","37.567","126.967","87.0","2021-01-07","0.09","5",,
"KSM00047108","SEOUL CITY, KS","37.567","126.967","87.0","2021-01-08","0.00","6",,"-1"
"KSM00047108","SEOUL CITY, KS","37.567","126.967","87.0","2021-01-09",,"11",,"2"
"KSM00047108","SEOUL CITY, KS","37.567","126.967","87.0","2021-01-10",,"20",,"9"
"KSM00047108","SEOUL CITY, KS","37.567","126.967","87.0","2021-01-11",,"20",,"15"
"KSM00047108","SEOUL CITY, KS","37.567","126.967","87.0","2021-01-12",,"28",,"15"
"KSM00047108","SEOUL CITY, KS","37.567","126.967","87.0","2021-01-13","0.10","36",,"27"
"KSM00047108","SEOUL CITY, KS","37.567","126.967","87.0","2021-01-14","0.00","37",,"26"
"KSM00047108","SEOUL CITY, KS","37.567","126.967","87.0","2021-01-15",,"36",,
"KSM00047108","SEOUL CITY, KS","37.567","126.967","87.0","2021-01-16","0.01","21",,
"KSM00047108","SEOUL CITY, KS","37.567","126.967","87.0","2021-01-17","0.00","25",,"13"
"KSM00047108","SEOUL CITY, KS","37.567","126.967","87.0","2021-01-18",,"22",,
"KSM00047108","SEOUL CITY, KS","37.567","126.967","87.0","2021-01-19","0.01","23",,"11"
"KSM00047108","SEOUL CITY, KS","37.567","126.967","87.0","2021-01-20","0.00","36",,"20"
"KSM00047108","SEOUL CITY, KS","37.567","126.967","87.0","2021-01-21",,"41","45","36"
"KSM00047108","SEOUL CITY, KS","37.567","126.967","87.0","2021-01-22","0.37","42",,"41"
"KSM00047108","SEOUL CITY, KS","37.567","126.967","87.0","2021-01-23","0.00","45",,
"KSM00047108","SEOUL CITY, KS","37.567","126.967","87.0","2021-01-24",,"45",,"36"
"KSM00047108","SEOUL CITY, KS","37.567","126.967","87.0","2021-01-25",,"47",,"37"
"KSM00047108","SEOUL CITY, KS","37.567","126.967","87.0","2021-01-26",,"39",,
"KSM00047108","SEOUL CITY, KS","37.567","126.967","87.0","2021-01-27","0.07","35",,"29"
"KSM00047108","SEOUL CITY, KS","37.567","126.967","87.0","2021-01-28","0.00","22",,
"KSM00047108","SEOUL CITY, KS","37.567","126.967","87.0","2021-01-29","0.08","19",,"11"
"KSM00047108","SEOUL CITY, KS","37.567","126.967","87.0","2021-01-30","0.01","31",,"17"
"KSM00047108","SEOUL CITY, KS","37.567","126.967","87.0","2021-01-31","0.01","42",,"25"
"KSM00047108","SEOUL CITY, KS","37.567","126.967","87.0","2021-02-01","0.03","36",,
"KSM00047108","SEOUL CITY, KS","37.567","126.967","87.0","2021-02-02","0.00","21",,
"KSM00047108","SEOUL CITY, KS","37.567","126.967","87.0","2021-02-03",,"28",,"15"
"KSM00047108","SEOUL CITY, KS","37.567","126.967","87.0","2021-02-04","0.14","26",,"19"
"KSM00047108","SEOUL CITY, KS","37.567","126.967","87.0","2021-02-05","0.00","38",,"24"
"KSM00047108","SEOUL CITY, KS","37.567","126.967","87.0","2021-02-06",,"44",,"40"
"KSM00047108","SEOUL CITY, KS","37.567","126.967","87.0","2021-02-07",,"34",,
"KSM00047108","SEOUL CITY, KS","37.567","126.967","87.0","2021-02-08",,"26",,
"KSM00047108","SEOUL CITY, KS","37.567","126.967","87.0","2021-02-09",,"32",,"21"
"KSM00047108","SEOUL CITY, KS","37.567","126.967","87.0","2021-02-10",,"40",,"29"
"KSM00047108","SEOUL CITY, KS","37.567","126.967","87.0","2021-02-13",,"45",,
"KSM00047108","SEOUL CITY, KS","37.567","126.967","87.0","2021-02-14",,"49",,
"KSM00047108","SEOUL CITY, KS","37.567","126.967","87.0","2021-02-15","0.06","29",,
"KSM00047108","SEOUL CITY, KS","37.567","126.967","87.0","2021-02-16","0.39","21",,
"KSM00047108","SEOUL CITY, KS","37.567","126.967","87.0","2021-02-17","0.06","17",,
"KSM00047108","SEOUL CITY, KS","37.567","126.967","87.0","2021-02-18","0.00","23",,"13"
"KSM00047108","SEOUL CITY, KS","37.567","126.967","87.0","2021-02-19",,"40",,"19"
"KSM00047108","SEOUL CITY, KS","37.567","126.967","87.0","2021-02-21",,"52",,"40"
"KSM00047108","SEOUL CITY, KS","37.567","126.967","87.0","2021-02-22",,"41",,
"KSM00047108","SEOUL CITY, KS","37.567","126.967","87.0","2021-02-23",,"32",,"26"
"KSM00047108","SEOUL CITY, KS","37.567","126.967","87.0","2021-02-24",,"39",,"27"
"KSM00047108","SEOUL CITY, KS","37.567","126.967","87.0","2021-02-25",,"40",,"33"
"KSM00047108","SEOUL CITY, KS","37.567","126.967","87.0","2021-02-26",,"48",,"33"
"KSM00047108","SEOUL CITY, KS","37.567","126.967","87.0","2021-02-27",,"49",,
"KSM00047108","SEOUL CITY, KS","37.567","126.967","87.0","2021-02-28",,"47",,"38"
"KSM00047108","SEOUL CITY, KS","37.567","126.967","87.0","2021-03-01","0.64","37",,
"KSM00047108","SEOUL CITY, KS","37.567","126.967","87.0","2021-03-02","2.02","36",,
"KSM00047108","SEOUL CITY, KS","37.567","126.967","87.0","2021-03-03","0.00","41",,"30"
"KSM00047108","SEOUL CITY, KS","37.567","126.967","87.0","2021-03-04",,"45",,"36"
"KSM00047108","SEOUL CITY, KS","37.567","126.967","87.0","2021-03-05",,"49",,"37"
"KSM00047108","SEOUL CITY, KS","37.567","126.967","87.0","2021-03-06",,"42",,
"KSM00047108","SEOUL CITY, KS","37.567","126.967","87.0","2021-03-07",,"43",,
"KSM00047108","SEOUL CITY, KS","37.567","126.967","87.0","2021-03-08",,"45",,"35"
"KSM00047108","SEOUL CITY, KS","37.567","126.967","87.0","2021-03-09",,"44",,"36"
"KSM00047108","SEOUL CITY, KS","37.567","126.967","87.0","2021-03-10",,"49",,"35"
"KSM00047108","SEOUL CITY, KS","37.567","126.967","87.0","2021-03-11",,"52",,"40"
"KSM00047108","SEOUL CITY, KS","37.567","126.967","87.0","2021-03-12",,"49",,
"KSM00047108","SEOUL CITY, KS","37.567","126.967","87.0","2021-03-13",,"49",,"40"
"KSM00047108","SEOUL CITY, KS","37.567","126.967","87.0","2021-03-14",,"49",,"41"
"KSM00047108","SEOUL CITY, KS","37.567","126.967","87.0","2021-03-15",,"52",,"41"
"KSM00047108","SEOUL CITY, KS","37.567","126.967","87.0","2021-03-16","0.12","45",,
"KSM00047108","SEOUL CITY, KS","37.567","126.967","87.0","2021-03-17","0.00","49",,"35"
"KSM00047108","SEOUL CITY, KS","37.567","126.967","87.0","2021-03-18",,"56",,"41"
"KSM00047108","SEOUL CITY, KS","37.567","126.967","87.0","2021-03-19",,"60",,"53"
"KSM00047108","SEOUL CITY, KS","37.567","126.967","87.0","2021-03-20",,"47",,
"KSM00047108","SEOUL CITY, KS","37.567","126.967","87.0","2021-03-21","0.20","41",,
"KSM00047108","SEOUL CITY, KS","37.567","126.967","87.0","2021-03-22","0.01","44",,"34"
"KSM00047108","SEOUL CITY, KS","37.567","126.967","87.0","2021-03-23","0.00","50",,"36"
"KSM00047108","SEOUL CITY, KS","37.567","126.967","87.0","2021-03-24",,"52",,"42"
"KSM00047108","SEOUL CITY, KS","37.567","126.967","87.0","2021-03-25",,"52",,
"KSM00047108","SEOUL CITY, KS","37.567","126.967","87.0","2021-03-26",,"57",,"41"
"KSM00047108","SEOUL CITY, KS","37.567","126.967","87.0","2021-03-27",,"53",,
"KSM00047108","SEOUL CITY, KS","37.567","126.967","87.0","2021-03-28","1.31","47",,"46"
"KSM00047108","SEOUL CITY, KS","37.567","126.967","87.0","2021-03-29","0.07","49",,
"KSM00047108","SEOUL CITY, KS","37.567","126.967","87.0","2021-03-30","0.00","52",,"39"
"KSM00047108","SEOUL CITY, KS","37.567","126.967","87.0","2021-03-31",,"61",,"43"
"KSM00047108","SEOUL CITY, KS","37.567","126.967","87.0","2021-04-01",,"64",,"54"
"KSM00047108","SEOUL CITY, KS","37.567","126.967","87.0","2021-04-02",,"66",,"54"
"KSM00047108","SEOUL CITY, KS","37.567","126.967","87.0","2021-04-03",,"56",,
"KSM00047108","SEOUL CITY, KS","37.567","126.967","87.0","2021-04-04","2.24","52",,
"KSM00047108","SEOUL CITY, KS","37.567","126.967","87.0","2021-04-05","0.00","55",,"42"
"KSM00047108","SEOUL CITY, KS","37.567","126.967","87.0","2021-04-06",,"56",,
"KSM00047108","SEOUL CITY, KS","37.567","126.967","87.0","2021-04-07",,"57",,
"KSM00047108","SEOUL CITY, KS","37.567","126.967","87.0","2021-04-08",,"55",,"45"
"KSM00047108","SEOUL CITY, KS","37.567","126.967","87.0","2021-04-09",,"57",,"46"
"KSM00047108","SEOUL CITY, KS","37.567","126.967","87.0","2021-04-10",,"54",,"46"
"KSM00047108","SEOUL CITY, KS","37.567","126.967","87.0","2021-04-11",,"61",,"45"
"KSM00047108","SEOUL CITY, KS","37.567","126.967","87.0","2021-04-12",,"56",,
"KSM00047108","SEOUL CITY, KS","37.567","126.967","87.0","2021-04-13","1.18","47",,
"KSM00047108","SEOUL CITY, KS","37.567","126.967","87.0","2021-04-14","0.00","48",,"38"
"KSM00047108","SEOUL CITY, KS","37.567","126.967","87.0","2021-04-15",,"55",,"43"
"KSM00047108","SEOUL CITY, KS","37.567","126.967","87.0","2021-04-16",,"51",,
"KSM00047108","SEOUL CITY, KS","37.567","126.967","87.0","2021-04-17","0.03","49",,
"KSM00047108","SEOUL CITY, KS","37.567","126.967","87.0","2021-04-18","0.00","50",,"42"
"KSM00047108","SEOUL CITY, KS","37.567","126.967","87.0","2021-04-19",,"55",,"42"
"KSM00047108","SEOUL CITY, KS","37.567","126.967","87.0","2021-04-20",,"60",,"47"
"KSM00047108","SEOUL CITY, KS","37.567","126.967","87.0","2021-04-21",,"69",,"51"
"KSM00047108","SEOUL CITY, KS","37.567","126.967","87.0","2021-04-22",,"70",,"61"
"KSM00047108","SEOUL CITY, KS","37.567","126.967","87.0","2021-04-23",,"65",,
"KSM00047108","SEOUL CITY, KS","37.567","126.967","87.0","2021-04-24",,"64",,
"KSM00047108","SEOUL CITY, KS","37.567","126.967","87.0","2021-04-25",,"65",,
"KSM00047108","SEOUL CITY, KS","37.567","126.967","87.0","2021-04-26",,"61",,"54"
"KSM00047108","SEOUL CITY, KS","37.567","126.967","87.0","2021-04-27",,"59",,
"KSM00047108","SEOUL CITY, KS","37.567","126.967","87.0","2021-04-28","0.25","58",,
"KSM00047108","SEOUL CITY, KS","37.567","126.967","87.0","2021-04-29","0.00","57",,
"KSM00047108","SEOUL CITY, KS","37.567","126.967","87.0","2021-04-30","1.19","53",,"47"
"KSM00047108","SEOUL CITY, KS","37.567","126.967","87.0","2021-05-01","0.01","49",,
"KSM00047108","SEOUL CITY, KS","37.567","126.967","87.0","2021-05-02","0.37","55",,"45"
"KSM00047108","SEOUL CITY, KS","37.567","126.967","87.0","2021-05-03","0.00","59",,"47"
"KSM00047108","SEOUL CITY, KS","37.567","126.967","87.0","2021-05-04","0.01","57",,
"KSM00047108","SEOUL CITY, KS","37.567","126.967","87.0","2021-05-05","0.77","56",,
"KSM00047108","SEOUL CITY, KS","37.567","126.967","87.0","2021-05-06","0.00","63",,"46"
"KSM00047108","SEOUL CITY, KS","37.567","126.967","87.0","2021-05-07",,"56",,
"KSM00047108","SEOUL CITY, KS","37.567","126.967","87.0","2021-05-08","0.35","58",,"48"
"KSM00047108","SEOUL CITY, KS","37.567","126.967","87.0","2021-05-09","0.00","61",,"50"
"KSM00047108","SEOUL CITY, KS","37.567","126.967","87.0","2021-05-10",,"55",,
"KSM00047108","SEOUL CITY, KS","37.567","126.967","87.0","2021-05-11",,"69",,"49"
"KSM00047108","SEOUL CITY, KS","37.567","126.967","87.0","2021-05-12",,"72",,
"KSM00047108","SEOUL CITY, KS","37.567","126.967","87.0","2021-05-13",,"74",,"62"
"KSM00047108","SEOUL CITY, KS","37.567","126.967","87.0","2021-05-14",,"77",,"64"
"KSM00047108","SEOUL CITY, KS","37.567","126.967","87.0","2021-05-15",,"71",,
"KSM00047108","SEOUL CITY, KS","37.567","126.967","87.0","2021-05-16","1.30","62",,
"KSM00047108","SEOUL CITY, KS","37.567","126.967","87.0","2021-05-17","1.93","59",,
"KSM00047108","SEOUL CITY, KS","37.567","126.967","87.0","2021-05-18","0.11","64",,
"KSM00047108","SEOUL CITY, KS","37.567","126.967","87.0","2021-05-19","0.00","69",,"54"
"KSM00047108","SEOUL CITY, KS","37.567","126.967","87.0","2021-05-20",,"65",,
"KSM00047108","SEOUL CITY, KS","37.567","126.967","87.0","2021-05-21","0.23","61",,
"KSM00047108","SEOUL CITY, KS","37.567","126.967","87.0","2021-05-22","0.09","66",,"57"
"KSM00047108","SEOUL CITY, KS","37.567","126.967","87.0","2021-05-23","0.00","68",,"58"
"KSM00047108","SEOUL CITY, KS","37.567","126.967","87.0","2021-05-24",,"66",,
"KSM00047108","SEOUL CITY, KS","37.567","126.967","87.0","2021-05-25","0.32","58",,
"KSM00047108","SEOUL CITY, KS","37.567","126.967","87.0","2021-05-26","0.00","67",,"53"
"KSM00047108","SEOUL CITY, KS","37.567","126.967","87.0","2021-05-27","0.31","59",,
"KSM00047108","SEOUL CITY, KS","37.567","126.967","87.0","2021-05-28","0.50","60",,"54"
"KSM00047108","SEOUL CITY, KS","37.567","126.967","87.0","2021-05-29","0.02","58",,
"KSM00047108","SEOUL CITY, KS","37.567","126.967","87.0","2021-05-30","0.01","68",,"51"
"KSM00047108","SEOUL CITY, KS","37.567","126.967","87.0","2021-05-31","0.87","68",,"62"
"KSM00047108","SEOUL CITY, KS","37.567","126.967","87.0","2021-06-01","0.13","68",,"61"
"KSM00047108","SEOUL CITY, KS","37.567","126.967","87.0","2021-06-02","0.00","75","85","62"
"KSM00047108","SEOUL CITY, KS","37.567","126.967","87.0","2021-06-03",,"64",,
"KSM00047108","SEOUL CITY, KS","37.567","126.967","87.0","2021-06-04","0.71","67",,"56"
"KSM00047108","SEOUL CITY, KS","37.567","126.967","87.0","2021-06-05","0.00","70",,"63"
"KSM00047108","SEOUL CITY, KS","37.567","126.967","87.0","2021-06-06",,"74",,"65"
"KSM00047108","SEOUL CITY, KS","37.567","126.967","87.0","2021-06-07",,"70",,
"KSM00047108","SEOUL CITY, KS","37.567","126.967","87.0","2021-06-08","0.00","75",,"66"
"KSM00047108","SEOUL CITY, KS","37.567","126.967","87.0","2021-06-09","0.00","80",,"67"
"KSM00047108","SEOUL CITY, KS","37.567","126.967","87.0","2021-06-10",,"76",,
"KSM00047108","SEOUL CITY, KS","37.567","126.967","87.0","2021-06-11","0.42","70",,
"KSM00047108","SEOUL CITY, KS","37.567","126.967","87.0","2021-06-12","0.00","77",,"65"
"KSM00047108","SEOUL CITY, KS","37.567","126.967","87.0","2021-06-13",,"76",,
"KSM00047108","SEOUL CITY, KS","37.567","126.967","87.0","2021-06-14",,"78",,"66"
"KSM00047108","SEOUL CITY, KS","37.567","126.967","87.0","2021-06-15","0.02","72",,
"KSM00047108","SEOUL CITY, KS","37.567","126.967","87.0","2021-06-16","0.06","76",,
"KSM00047108","SEOUL CITY, KS","37.567","126.967","87.0","2021-06-17","0.00","71",,
"KSM00047108","SEOUL CITY, KS","37.567","126.967","87.0","2021-06-18","0.20","67",,
"KSM00047108","SEOUL CITY, KS","37.567","126.967","87.0","2021-06-19","0.04","72",,"63"
"KSM00047108","SEOUL CITY, KS","37.567","126.967","87.0","2021-06-20","0.00","74",,"64"
"KSM00047108","SEOUL CITY, KS","37.567","126.967","87.0","2021-06-21",,"75",,"67"
"KSM00047108","SEOUL CITY, KS","37.567","126.967","87.0","2021-06-22",,"72",,
"KSM00047108","SEOUL CITY, KS","37.567","126.967","87.0","2021-06-23",,"72",,
"KSM00047108","SEOUL CITY, KS","37.567","126.967","87.0","2021-06-24","0.30","74",,"65"
"KSM00047108","SEOUL CITY, KS","37.567","126.967","87.0","2021-06-25","0.00","76",,"67"
"KSM00047108","SEOUL CITY, KS","37.567","126.967","87.0","2021-06-26","0.17","73",,"68"
"KSM00047108","SEOUL CITY, KS","37.567","126.967","87.0","2021-06-27","0.00","77",,"68"
"KSM00047108","SEOUL CITY, KS","37.567","126.967","87.0","2021-06-28","1.50","75",,"70"
"KSM00047108","SEOUL CITY, KS","37.567","126.967","87.0","2021-06-29","0.00","75",,
"KSM00047108","SEOUL CITY, KS","37.567","126.967","87.0","2021-06-30","0.31","76",,"70"
"KSM00047108","SEOUL CITY, KS","37.567","126.967","87.0","2021-07-01","0.24","80",,"71"
"KSM00047108","SEOUL CITY, KS","37.567","126.967","87.0","2021-07-02","0.00","80",,
"KSM00047108","SEOUL CITY, KS","37.567","126.967","87.0","2021-07-03",,"72",,
"KSM00047108","SEOUL CITY, KS","37.567","126.967","87.0","2021-07-04","3.09","70",,"68"
"KSM00047108","SEOUL CITY, KS","37.567","126.967","87.0","2021-07-05","0.11","74",,"68"
"KSM00047108","SEOUL CITY, KS","37.567","126.967","87.0","2021-07-06","0.00","79",,"70"
"KSM00047108","SEOUL CITY, KS","37.567","126.967","87.0","2021-07-07",,"80",,"75"
"KSM00047108","SEOUL CITY, KS","37.567","126.967","87.0","2021-07-08","0.61","78",,
"KSM00047108","SEOUL CITY, KS","37.567","126.967","87.0","2021-07-09","0.00","78",,
"KSM00047108","SEOUL CITY, KS","37.567","126.967","87.0","2021-07-10","0.01","79",,"74"
"KSM00047108","SEOUL CITY, KS","37.567","126.967","87.0","2021-07-11","0.02","78",,
"KSM00047108","SEOUL CITY, KS","37.567","126.967","87.0","2021-07-12","0.00","84",,"75"
"KSM00047108","SEOUL CITY, KS","37.567","126.967","87.0","2021-07-13",,"84",,
"KSM00047108","SEOUL CITY, KS","37.567","126.967","87.0","2021-07-14",,"86",,"79"
"KSM00047108","SEOUL CITY, KS","37.567","126.967","87.0","2021-07-15",,"83",,
"KSM00047108","SEOUL CITY, KS","37.567","126.967","87.0","2021-07-16",,"84",,"76"
"KSM00047108","SEOUL CITY, KS","37.567","126.967","87.0","2021-07-17",,"85",,"76"
"KSM00047108","SEOUL CITY, KS","37.567","126.967","87.0","2021-07-18",,"85",,"78"
"KSM00047108","SEOUL CITY, KS","37.567","126.967","87.0","2021-07-19",,"78",,
"KSM00047108","SEOUL CITY, KS","37.567","126.967","87.0","2021-07-20",,"82",,"74"
"KSM00047108","SEOUL CITY, KS","37.567","126.967","87.0","2021-07-21",,"88",,"78"
"KSM00047108","SEOUL CITY, KS","37.567","126.967","87.0","2021-07-22",,"89",,"80"
"KSM00047108","SEOUL CITY, KS","37.567","126.967","87.0","2021-07-23",,"88",,
"KSM00047108","SEOUL CITY, KS","37.567","126.967","87.0","2021-07-24",,"89",,"80"
"KSM00047108","SEOUL CITY, KS","37.567","126.967","87.0","2021-07-25",,"89",,"81"
"KSM00047108","SEOUL CITY, KS","37.567","126.967","87.0","2021-07-26",,"88",,"81"
"KSM00047108","SEOUL CITY, KS","37.567","126.967","87.0","2021-07-27",,"88",,
"KSM00047108","SEOUL CITY, KS","37.567","126.967","87.0","2021-07-28",,"87",,"81"
"KSM00047108","SEOUL CITY, KS","37.567","126.967","87.0","2021-07-29",,"85",,
"KSM00047108","SEOUL CITY, KS","37.567","126.967","87.0","2021-07-30",,"87",,"78"
"KSM00047108","SEOUL CITY, KS","37.567","126.967","87.0","2021-07-31","0.12","86",,"80"
"KSM00047108","SEOUL CITY, KS","37.567","126.967","87.0","2021-08-01","0.00","80",,
"KSM00047108","SEOUL CITY, KS","37.567","126.967","87.0","2021-08-02","0.89","79",,
"KSM00047108","SEOUL CITY, KS","37.567","126.967","87.0","2021-08-03","0.00","83",,"75"
"KSM00047108","SEOUL CITY, KS","37.567","126.967","87.0","2021-08-04",,"84",,
"KSM00047108","SEOUL CITY, KS","37.567","126.967","87.0","2021-08-05",,"85",,"78"
"KSM00047108","SEOUL CITY, KS","37.567","126.967","87.0","2021-08-06",,"81",,
"KSM00047108","SEOUL CITY, KS","37.567","126.967","87.0","2021-08-07",,"83",,"74"
"KSM00047108","SEOUL CITY, KS","37.567","126.967","87.0","2021-08-08",,"79",,
"KSM00047108","SEOUL CITY, KS","37.567","126.967","87.0","2021-08-09","0.50","83",,"74"
"KSM00047108","SEOUL CITY, KS","37.567","126.967","87.0","2021-08-10","0.00","81",,
"KSM00047108","SEOUL CITY, KS","37.567","126.967","87.0","2021-08-11",,"81","89","75"
"KSM00047108","SEOUL CITY, KS","37.567","126.967","87.0","2021-08-12",,"80",,
"KSM00047108","SEOUL CITY, KS","37.567","126.967","87.0","2021-08-13",,"80",,"74"
"KSM00047108","SEOUL CITY, KS","37.567","126.967","87.0","2021-08-14",,"78",,
"KSM00047108","SEOUL CITY, KS","37.567","126.967","87.0","2021-08-15",,"81",,"71"
"KSM00047108","SEOUL CITY, KS","37.567","126.967","87.0","2021-08-16",,"81",,"72"
"KSM00047108","SEOUL CITY, KS","37.567","126.967","87.0","2021-08-17",,"77",,
"KSM00047108","SEOUL CITY, KS","37.567","126.967","87.0","2021-08-18","0.54","76",,"69"
"KSM00047108","SEOUL CITY, KS","37.567","126.967","87.0","2021-08-19","0.04","80",,"70"
"KSM00047108","SEOUL CITY, KS","37.567","126.967","87.0","2021-08-20","0.00","80",,"73"
"KSM00047108","SEOUL CITY, KS","37.567","126.967","87.0","2021-08-21","0.03","74",,
"KSM00047108","SEOUL CITY, KS","37.567","126.967","87.0","2021-08-22","2.44","75",,
"KSM00047108","SEOUL CITY, KS","37.567","126.967","87.0","2021-08-23","0.00","72",,
"KSM00047108","SEOUL CITY, KS","37.567","126.967","87.0","2021-08-24","0.32","75",,"70"
"KSM00047108","SEOUL CITY, KS","37.567","126.967","87.0","2021-08-25","0.39","77",,
"KSM00047108","SEOUL CITY, KS","37.567","126.967","87.0","2021-08-26","0.00","78",,"73"
"KSM00047108","SEOUL CITY, KS","37.567","126.967","87.0","2021-08-27","0.03","70",,
"KSM00047108","SEOUL CITY, KS","37.567","126.967","87.0","2021-08-28","0.03","76",,"67"
"KSM00047108","SEOUL CITY, KS","37.567","126.967","87.0","2021-08-29","0.04","74",,
"KSM00047108","SEOUL CITY, KS","37.567","126.967","87.0","2021-08-30","0.00","76",,"70"
"KSM00047108","SEOUL CITY, KS","37.567","126.967","87.0","2021-08-31","0.00","67",,
"KSM00047108","SEOUL CITY, KS","37.567","126.967","87.0","2021-09-01","3.07","71",,"65"
"KSM00047108","SEOUL CITY, KS","37.567","126.967","87.0","2021-09-02","0.00","74",,
"KSM00047108","SEOUL CITY, KS","37.567","126.967","87.0","2021-09-03",,"75",,
"KSM00047108","SEOUL CITY, KS","37.567","126.967","87.0","2021-09-04",,"74",,"65"
"KSM00047108","SEOUL CITY, KS","37.567","126.967","87.0","2021-09-05",,"74",,"67"
"KSM00047108","SEOUL CITY, KS","37.567","126.967","87.0","2021-09-06",,"70",,
"KSM00047108","SEOUL CITY, KS","37.567","126.967","87.0","2021-09-07","0.93","68",,"64"
"KSM00047108","SEOUL CITY, KS","37.567","126.967","87.0","2021-09-08","0.77","72",,"66"
"KSM00047108","SEOUL CITY, KS","37.567","126.967","87.0","2021-09-09","0.00","75",,"66"
"KSM00047108","SEOUL CITY, KS","37.567","126.967","87.0","2021-09-10",,"75",,"67"
"KSM00047108","SEOUL CITY, KS","37.567","126.967","87.0","2021-09-11",,"75",,
"KSM00047108","SEOUL CITY, KS","37.567","126.967","87.0","2021-09-12",,"76",,"67"
"KSM00047108","SEOUL CITY, KS","37.567","126.967","87.0","2021-09-13",,"76",,
"KSM00047108","SEOUL CITY, KS","37.567","126.967","87.0","2021-09-14",,"76",,
"KSM00047108","SEOUL CITY, KS","37.567","126.967","87.0","2021-09-15",,"74",,
"KSM00047108","SEOUL CITY, KS","37.567","126.967","87.0","2021-09-16",,"74",,"64"
"KSM00047108","SEOUL CITY, KS","37.567","126.967","87.0","2021-09-17",,"74",,
"KSM00047108","SEOUL CITY, KS","37.567","126.967","87.0","2021-09-18",,"76",,"66"
"KSM00047108","SEOUL CITY, KS","37.567","126.967","87.0","2021-09-19",,"74",,
"KSM00047108","SEOUL CITY, KS","37.567","126.967","87.0","2021-09-20",,"75",,"66"
"KSM00047108","SEOUL CITY, KS","37.567","126.967","87.0","2021-09-21","1.60","70",,
"KSM00047108","SEOUL CITY, KS","37.567","126.967","87.0","2021-09-22","1.26","69",,"62"
"KSM00047108","SEOUL CITY, KS","37.567","126.967","87.0","2021-09-23","0.00","69",,
"KSM00047108","SEOUL CITY, KS","37.567","126.967","87.0","2021-09-24",,"72",,"62"
"KSM00047108","SEOUL CITY, KS","37.567","126.967","87.0","2021-09-25",,"70",,
"KSM00047108","SEOUL CITY, KS","37.567","126.967","87.0","2021-09-26",,"73",,"65"
"KSM00047108","SEOUL CITY, KS","37.567","126.967","87.0","2021-09-27",,"71",,"66"
"KSM00047108","SEOUL CITY, KS","37.567","126.967","87.0","2021-09-28",,"71",,"67"
"KSM00047108","SEOUL CITY, KS","37.567","126.967","87.0","2021-09-29","0.35","66",,
"KSM00047108","SEOUL CITY, KS","37.567","126.967","87.0","2021-09-30","0.21","69",,"61"
"KSM00047108","SEOUL CITY, KS","37.567","126.967","87.0","2021-10-01","0.00","70",,
"KSM00047108","SEOUL CITY, KS","37.567","126.967","87.0","2021-10-02","0.52","70",,"62"
"KSM00047108","SEOUL CITY, KS","37.567","126.967","87.0","2021-10-03","0.00","73",,"63"
"KSM00047108","SEOUL CITY, KS","37.567","126.967","87.0","2021-10-04",,"75",,"67"
"KSM00047108","SEOUL CITY, KS","37.567","126.967","87.0","2021-10-05","0.14","72",,
"KSM00047108","SEOUL CITY, KS","37.567","126.967","87.0","2021-10-06","0.17","66",,"64"
"KSM00047108","SEOUL CITY, KS","37.567","126.967","87.0","2021-10-07","0.27","67",,
"KSM00047108","SEOUL CITY, KS","37.567","126.967","87.0","2021-10-08","0.00","66",,"63"
"KSM00047108","SEOUL CITY, KS","37.567","126.967","87.0","2021-10-09","0.15","71",,"65"
"KSM00047108","SEOUL CITY, KS","37.567","126.967","87.0","2021-10-10","0.00","63",,
"KSM00047108","SEOUL CITY, KS","37.567","126.967","87.0","2021-10-11","0.57","61",,"55"
"KSM00047108","SEOUL CITY, KS","37.567","126.967","87.0","2021-10-12","0.00","64",,
"KSM00047108","SEOUL CITY, KS","37.567","126.967","87.0","2021-10-13",,"69",,"59"
"KSM00047108","SEOUL CITY, KS","37.567","126.967","87.0","2021-10-14",,"67",,
"KSM00047108","SEOUL CITY, KS","37.567","126.967","87.0","2021-10-15",,"65",,
"KSM00047108","SEOUL CITY, KS","37.567","126.967","87.0","2021-10-16",,"44",,
"KSM00047108","SEOUL CITY, KS","37.567","126.967","87.0","2021-10-17",,"43",,"34"
"KSM00047108","SEOUL CITY, KS","37.567","126.967","87.0","2021-10-18",,"53",,"37"
"KSM00047108","SEOUL CITY, KS","37.567","126.967","87.0","2021-10-19","0.39","49",,
"KSM00047108","SEOUL CITY, KS","37.567","126.967","87.0","2021-10-20","0.00","49",,"40"
"KSM00047108","SEOUL CITY, KS","37.567","126.967","87.0","2021-10-21",,"50",,"41"
"KSM00047108","SEOUL CITY, KS","37.567","126.967","87.0","2021-10-22",,"52",,"41"
"KSM00047108","SEOUL CITY, KS","37.567","126.967","87.0","2021-10-23",,"53",,"42"
"KSM00047108","SEOUL CITY, KS","37.567","126.967","87.0","2021-10-24",,"53",,"43"
"KSM00047108","SEOUL CITY, KS","37.567","126.967","87.0","2021-10-25",,"54",,"43"
"KSM00047108","SEOUL CITY, KS","37.567","126.967","87.0","2021-10-26",,"57",,"46"
"KSM00047108","SEOUL CITY, KS","37.567","126.967","87.0","2021-10-27",,"54",,
"KSM00047108","SEOUL CITY, KS","37.567","126.967","87.0","2021-10-28",,"57",,"45"
"KSM00047108","SEOUL CITY, KS","37.567","126.967","87.0","2021-10-29",,"58",,"51"
"KSM00047108","SEOUL CITY, KS","37.567","126.967","87.0","2021-10-30",,"56",,
"KSM00047108","SEOUL CITY, KS","37.567","126.967","87.0","2021-10-31",,"58",,"49"
"KSM00047108","SEOUL CITY, KS","37.567","126.967","87.0","2021-11-01","0.03","54",,
"KSM00047108","SEOUL CITY, KS","37.567","126.967","87.0","2021-11-02","0.00","53",,
"KSM00047108","SEOUL CITY, KS","37.567","126.967","87.0","2021-11-03",,"54",,"46"
"KSM00047108","SEOUL CITY, KS","37.567","126.967","87.0","2021-11-04",,"53",,
"KSM00047108","SEOUL CITY, KS","37.567","126.967","87.0","2021-11-05",,"56",,"46"
"KSM00047108","SEOUL CITY, KS","37.567","126.967","87.0","2021-11-06",,"58",,"48"
"KSM00047108","SEOUL CITY, KS","37.567","126.967","87.0","2021-11-07",,"62",,"49"
"KSM00047108","SEOUL CITY, KS","37.567","126.967","87.0","2021-11-08","0.55","42",,
"KSM00047108","SEOUL CITY, KS","37.567","126.967","87.0","2021-11-09","0.49","40",,
"KSM00047108","SEOUL CITY, KS","37.567","126.967","87.0","2021-11-10","0.06","40",,"33"
"KSM00047108","SEOUL CITY, KS","37.567","126.967","87.0","2021-11-11","0.00","41",,
"KSM00047108","SEOUL CITY, KS","37.567","126.967","87.0","2021-11-12",,"40",,
"KSM00047108","SEOUL CITY, KS","37.567","126.967","87.0","2021-11-13",,"49",,"33"
"KSM00047108","SEOUL CITY, KS","37.567","126.967","87.0","2021-11-14",,"51",,
"KSM00047108","SEOUL CITY, KS","37.567","126.967","87.0","2021-11-15",,"50",,
"KSM00047108","SEOUL CITY, KS","37.567","126.967","87.0","2021-11-16",,"46",,
"KSM00047108","SEOUL CITY, KS","37.567","126.967","87.0","2021-11-17",,"48",,"37"
"KSM00047108","SEOUL CITY, KS","37.567","126.967","87.0","2021-11-18",,"55",,"46"
"KSM00047108","SEOUL CITY, KS","37.567","126.967","87.0","2021-11-19",,"53",,
"KSM00047108","SEOUL CITY, KS","37.567","126.967","87.0","2021-11-20",,"51",,"44"
"KSM00047108","SEOUL CITY, KS","37.567","126.967","87.0","2021-11-21",,"49",,
"KSM00047108","SEOUL CITY, KS","37.567","126.967","87.0","2021-11-22","0.28","33",,
"KSM00047108","SEOUL CITY, KS","37.567","126.967","87.0","2021-11-23","0.00","31",,"25"
"KSM00047108","SEOUL CITY, KS","37.567","126.967","87.0","2021-11-24",,"43",,"27"
"KSM00047108","SEOUL CITY, KS","37.567","126.967","87.0","2021-11-25",,"40",,
"KSM00047108","SEOUL CITY, KS","37.567","126.967","87.0","2021-11-26",,"37",,
"KSM00047108","SEOUL CITY, KS","37.567","126.967","87.0","2021-11-27",,"38",,"29"
"KSM00047108","SEOUL CITY, KS","37.567","126.967","87.0","2021-11-28",,"43",,"30"
"KSM00047108","SEOUL CITY, KS","37.567","126.967","87.0","2021-11-29",,"48",,"36"
"KSM00047108","SEOUL CITY, KS","37.567","126.967","87.0","2021-11-30","0.67","37",,
"KSM00047108","SEOUL CITY, KS","37.567","126.967","87.0","2021-12-01","0.41","29",,
"KSM00047108","SEOUL CITY, KS","37.567","126.967","87.0","2021-12-02","0.00","38",,"24"
"KSM00047108","SEOUL CITY, KS","37.567","126.967","87.0","2021-12-03","0.02","33",,
"KSM00047108","SEOUL CITY, KS","37.567","126.967","87.0","2021-12-04","0.00","35",,"27"
"KSM00047108","SEOUL CITY, KS","37.567","126.967","87.0","2021-12-05",,"38",,"28"
"KSM00047108","SEOUL CITY, KS","37.567","126.967","87.0","2021-12-06",,"44",,"31"
"KSM00047108","SEOUL CITY, KS","37.567","126.967","87.0","2021-12-07",,"44",,
"KSM00047108","SEOUL CITY, KS","37.567","126.967","87.0","2021-12-08",,"44",,"35"
"KSM00047108","SEOUL CITY, KS","37.567","126.967","87.0","2021-12-09",,"45",,"37"
"KSM00047108","SEOUL CITY, KS","37.567","126.967","87.0","2021-12-10",,"44",,
"KSM00047108","SEOUL CITY, KS","37.567","126.967","87.0","2021-12-11","0.03","42",,
"KSM00047108","SEOUL CITY, KS","37.567","126.967","87.0","2021-12-12","0.00","30",,
"KSM00047108","SEOUL CITY, KS","37.567","126.967","87.0","2021-12-13",,"31",,"21"
"KSM00047108","SEOUL CITY, KS","37.567","126.967","87.0","2021-12-14",,"42",,"31"
"KSM00047108","SEOUL CITY, KS","37.567","126.967","87.0","2021-12-15","0.13","44",,
"KSM00047108","SEOUL CITY, KS","37.567","126.967","87.0","2021-12-16","0.00","40",,
"KSM00047108","SEOUL CITY, KS","37.567","126.967","87.0","2021-12-17","0.00","17",,
"KSM00047108","SEOUL CITY, KS","37.567","126.967","87.0","2021-12-18",,"25",,"12"
"KSM00047108","SEOUL CITY, KS","37.567","126.967","87.0","2021-12-19","0.12","33",,"22"
"KSM00047108","SEOUL CITY, KS","37.567","126.967","87.0","2021-12-20","0.00","44",,"30"
"KSM00047108","SEOUL CITY, KS","37.567","126.967","87.0","2021-12-21",,"38",,
"KSM00047108","SEOUL CITY, KS","37.567","126.967","87.0","2021-12-22",,"36",,"27"
"KSM00047108","SEOUL CITY, KS","37.567","126.967","87.0","2021-12-23",,"38",,"29"
"KSM00047108","SEOUL CITY, KS","37.567","126.967","87.0","2021-12-24",,"24",,
"KSM00047108","SEOUL CITY, KS","37.567","126.967","87.0","2021-12-25","0.01","9",,
"KSM00047108","SEOUL CITY, KS","37.567","126.967","87.0","2021-12-26","0.00","12",,"4"
"KSM00047108","SEOUL CITY, KS","37.567","126.967","87.0","2021-12-27",,"21",,"9"
"KSM00047108","SEOUL CITY, KS","37.567","126.967","87.0","2021-12-28",,"28",,"17"
"KSM00047108","SEOUL CITY, KS","37.567","126.967","87.0","2021-12-29","0.01","31",,
"KSM00047108","SEOUL CITY, KS","37.567","126.967","87.0","2021-12-30","0.00","24",,
"KSM00047108","SEOUL CITY, KS","37.567","126.967","87.0","2021-12-31",,"19",,
"KSM00047108","SEOUL CITY, KS","37.567","126.967","87.0","2022-01-01",,"28",,"14"
"KSM00047108","SEOUL CITY, KS","37.567","126.967","87.0","2022-01-02","0.01","27",,
"KSM00047108","SEOUL CITY, KS","37.567","126.967","87.0","2022-01-03","0.00","31",,"18"
"KSM00047108","SEOUL CITY, KS","37.567","126.967","87.0","2022-01-04",,"25",,
"KSM00047108","SEOUL CITY, KS","37.567","126.967","87.0","2022-01-05",,"28",,"18"
"KSM00047108","SEOUL CITY, KS","37.567","126.967","87.0","2022-01-06",,"28",,"21"
"KSM00047108","SEOUL CITY, KS","37.567","126.967","87.0","2022-01-07",,"30",,"21"
"KSM00047108","SEOUL CITY, KS","37.567","126.967","87.0","2022-01-08",,"35",,"23"
"KSM00047108","SEOUL CITY, KS","37.567","126.967","87.0","2022-01-09",,"33",,
"KSM00047108","SEOUL CITY, KS","37.567","126.967","87.0","2022-01-10",,"31",,
"KSM00047108","SEOUL CITY, KS","37.567","126.967","87.0","2022-01-11","0.04","16",,
"KSM00047108","SEOUL CITY, KS","37.567","126.967","87.0","2022-01-12","0.00","20",,"12"
"KSM00047108","SEOUL CITY, KS","37.567","126.967","87.0","2022-01-13",,"19",,
"KSM00047108","SEOUL CITY, KS","37.567","126.967","87.0","2022-01-14",,"26",,"14"
"KSM00047108","SEOUL CITY, KS","37.567","126.967","87.0","2022-01-15",,"33",,"22"
"KSM00047108","SEOUL CITY, KS","37.567","126.967","87.0","2022-01-16",,"24",,
"KSM00047108","SEOUL CITY, KS","37.567","126.967","87.0","2022-01-17","0.39","22",,
"KSM00047108","SEOUL CITY, KS","37.567","126.967","87.0","2022-01-18","0.02","23",,"14"
"KSM00047108","SEOUL CITY, KS","37.567","126.967","87.0","2022-01-19","1.18","21",,
"KSM00047108","SEOUL CITY, KS","37.567","126.967","87.0","2022-01-20","0.07","24",,"14"
"KSM00047108","SEOUL CITY, KS","37.567","126.967","87.0","2022-01-21","0.00","29",,"16"
"KSM00047108","SEOUL CITY, KS","37.567","126.967","87.0","2022-01-22",,"35",,"23"
"KSM00047108","SEOUL CITY, KS","37.567","126.967","87.0","2022-01-23",,"37",,"31"
"KSM00047108","SEOUL CITY, KS","37.567","126.967","87.0","2022-01-24",,"41",,"34"
"KSM00047108","SEOUL CITY, KS","37.567","126.967","87.0","2022-01-25","0.02","35",,
"KSM00047108","SEOUL CITY, KS","37.567","126.967","87.0","2022-01-26","0.01","33",,
"KSM00047108","SEOUL CITY, KS","37.567","126.967","87.0","2022-01-27","0.00","29",,
"KSM00047108","SEOUL CITY, KS","37.567","126.967","87.0","2022-01-28",,"27",,
"KSM00047108","SEOUL CITY, KS","37.567","126.967","87.0","2022-01-29",,"25",,
"KSM00047108","SEOUL CITY, KS","37.567","126.967","87.0","2022-01-30",,"27",,"18"
"KSM00047108","SEOUL CITY, KS","37.567","126.967","87.0","2022-01-31",,"33",,"20"
"KSM00047108","SEOUL CITY, KS","37.567","126.967","87.0","2022-02-01","0.11","28",,
"KSM00047108","SEOUL CITY, KS","37.567","126.967","87.0","2022-02-02","0.00","26",,
"KSM00047108","SEOUL CITY, KS","37.567","126.967","87.0","2022-02-03",,"25",,
"KSM00047108","SEOUL CITY, KS","37.567","126.967","87.0","2022-02-04",,"21",,
"KSM00047108","SEOUL CITY, KS","37.567","126.967","87.0","2022-02-05",,"21",,"15"
"KSM00047108","SEOUL CITY, KS","37.567","126.967","87.0","2022-02-06",,"26",,"17"
"KSM00047108","SEOUL CITY, KS","37.567","126.967","87.0","2022-02-07",,"29",,"19"
"KSM00047108","SEOUL CITY, KS","37.567","126.967","87.0","2022-02-08",,"32",,
"KSM00047108","SEOUL CITY, KS","37.567","126.967","87.0","2022-02-09",,"35",,"24"
"KSM00047108","SEOUL CITY, KS","37.567","126.967","87.0","2022-02-10",,"35",,"26"
"KSM00047108","SEOUL CITY, KS","37.567","126.967","87.0","2022-02-11",,"39",,"27"
"KSM00047108","SEOUL CITY, KS","37.567","126.967","87.0","2022-02-12",,"41",,"32"
"KSM00047108","SEOUL CITY, KS","37.567","126.967","87.0","2022-02-13",,"40",,
"KSM00047108","SEOUL CITY, KS","37.567","126.967","87.0","2022-02-14",,"34",,
"KSM00047108","SEOUL CITY, KS","37.567","126.967","87.0","2022-02-15","0.07","21",,
"KSM00047108","SEOUL CITY, KS","37.567","126.967","87.0","2022-02-16","0.00","18",,
"KSM00047108","SEOUL CITY, KS","37.567","126.967","87.0","2022-02-17",,"22",,"13"
"KSM00047108","SEOUL CITY, KS","37.567","126.967","87.0","2022-02-18",,"33",,"18"
"KSM00047108","SEOUL CITY, KS","37.567","126.967","87.0","2022-02-19",,"26",,
"KSM00047108","SEOUL CITY, KS","37.567","126.967","87.0","2022-02-20","0.00","23",,"17"
"KSM00047108","SEOUL CITY, KS","37.567","126.967","87.0","2022-02-21","0.00","27",,"17"
"KSM00047108","SEOUL CITY, KS","37.567","126.967","87.0","2022-02-22","0.00","22",,
"KSM00047108","SEOUL CITY, KS","37.567","126.967","87.0","2022-02-23","0.00","23",,"14"
"KSM00047108","SEOUL CITY, KS","37.567","126.967","87.0","2022-02-24",,"30",,"17"
"KSM00047108","SEOUL CITY, KS","37.567","126.967","87.0","2022-02-25",,"41",,"26"
"KSM00047108","SEOUL CITY, KS","37.567","126.967","87.0","2022-02-26",,"39",,
"KSM00047108","SEOUL CITY, KS","37.567","126.967","87.0","2022-02-27","0.04","41",,"29"
"KSM00047108","SEOUL CITY, KS","37.567","126.967","87.0","2022-02-28","0.00","46",,"37"
"KSM00047108","SEOUL CITY, KS","37.567","126.967","87.0","2022-03-01","0.09","38",,
"KSM00047108","SEOUL CITY, KS","37.567","126.967","87.0","2022-03-02","0.00","40",,"28"
"KSM00047108","SEOUL CITY, KS","37.567","126.967","87.0","2022-03-03",,"42",,
"KSM00047108","SEOUL CITY, KS","37.567","126.967","87.0","2022-03-04",,"44",,
"KSM00047108","SEOUL CITY, KS","37.567","126.967","87.0","2022-03-05",,"35",,
"KSM00047108","SEOUL CITY, KS","37.567","126.967","87.0","2022-03-06",,"34",,"27"
"KSM00047108","SEOUL CITY, KS","37.567","126.967","87.0","2022-03-07",,"39",,"27"
"KSM00047108","SEOUL CITY, KS","37.567","126.967","87.0","2022-03-08",,"43",,"34"
"KSM00047108","SEOUL CITY, KS","37.567","126.967","87.0","2022-03-09",,"46",,"35"
"KSM00047108","SEOUL CITY, KS","37.567","126.967","87.0","2022-03-10",,"49",,"40"
"KSM00047108","SEOUL CITY, KS","37.567","126.967","87.0","2022-03-11",,"53",,"41"
"KSM00047108","SEOUL CITY, KS","37.567","126.967","87.0","2022-03-12",,"57",,"43"
"KSM00047108","SEOUL CITY, KS","37.567","126.967","87.0","2022-03-13","1.75","51",,
"KSM00047108","SEOUL CITY, KS","37.567","126.967","87.0","2022-03-14","0.01","44",,
"KSM00047108","SEOUL CITY, KS","37.567","126.967","87.0","2022-03-15","0.34","46",,"36"
"KSM00047108","SEOUL CITY, KS","37.567","126.967","87.0","2022-03-16","0.00","53",,"38"
"KSM00047108","SEOUL CITY, KS","37.567","126.967","87.0","2022-03-17",,"50",,
"KSM00047108","SEOUL CITY, KS","37.567","126.967","87.0","2022-03-18","0.05","43",,
"KSM00047108","SEOUL CITY, KS","37.567","126.967","87.0","2022-03-19","0.39","39",,"34"
"KSM00047108","SEOUL CITY, KS","37.567","126.967","87.0","2022-03-20","0.18","40",,
"KSM00047108","SEOUL CITY, KS","37.567","126.967","87.0","2022-03-21","0.00","42",,"31"
"KSM00047108","SEOUL CITY, KS","37.567","126.967","87.0","2022-03-22",,"46",,"34"
"KSM00047108","SEOUL CITY, KS","37.567","126.967","87.0","2022-03-23",,"43",,
"KSM00047108","SEOUL CITY, KS","37.567","126.967","87.0","2022-03-24",,"48",,"39"
"KSM00047108","SEOUL CITY, KS","37.567","126.967","87.0","2022-03-25",,"56",,"43"
"KSM00047108","SEOUL CITY, KS","37.567","126.967","87.0","2022-03-26","1.16","50",,
"KSM00047108","SEOUL CITY, KS","37.567","126.967","87.0","2022-03-27","0.05","45",,
"KSM00047108","SEOUL CITY, KS","37.567","126.967","87.0","2022-03-28","0.00","47",,"35"
"KSM00047108","SEOUL CITY, KS","37.567","126.967","87.0","2022-03-29",,"51",,"38"
"KSM00047108","SEOUL CITY, KS","37.567","126.967","87.0","2022-03-30",,"53",,"43"
"KSM00047108","SEOUL CITY, KS","37.567","126.967","87.0","2022-03-31",,"50",,
"KSM00047108","SEOUL CITY, KS","37.567","126.967","87.0","2022-04-01",,"48",,
"KSM00047108","SEOUL CITY, KS","37.567","126.967","87.0","2022-04-02",,"47",,
"KSM00047108","SEOUL CITY, KS","37.567","126.967","87.0","2022-04-03",,"50",,"38"
"KSM00047108","SEOUL CITY, KS","37.567","126.967","87.0","2022-04-04",,"50",,
"KSM00047108","SEOUL CITY, KS","37.567","126.967","87.0","2022-04-05",,"52",,"41"
"KSM00047108","SEOUL CITY, KS","37.567","126.967","87.0","2022-04-06",,"54",,"46"
"KSM00047108","SEOUL CITY, KS","37.567","126.967","87.0","2022-04-07",,"50",,
"KSM00047108","SEOUL CITY, KS","37.567","126.967","87.0","2022-04-08",,"59",,"41"
"KSM00047108","SEOUL CITY, KS","37.567","126.967","87.0","2022-04-09","0.20","64",,"54"
"KSM00047108","SEOUL CITY, KS","37.567","126.967","87.0","2022-04-10","0.00","65",,"55"
"KSM00047108","SEOUL CITY, KS","37.567","126.967","87.0","2022-04-11",,"69",,"56"
"KSM00047108","SEOUL CITY, KS","37.567","126.967","87.0","2022-04-12",,"65",,
"KSM00047108","SEOUL CITY, KS","37.567","126.967","87.0","2022-04-13","0.71","54",,
"KSM00047108","SEOUL CITY, KS","37.567","126.967","87.0","2022-04-14","0.00","54",,
"KSM00047108","SEOUL CITY, KS","37.567","126.967","87.0","2022-04-15",,"56",,
"KSM00047108","SEOUL CITY, KS","37.567","126.967","87.0","2022-04-16",,"56","68","45"
"KSM00047108","SEOUL CITY, KS","37.567","126.967","87.0","2022-04-17",,"59","71","45"
"KSM00047108","SEOUL CITY, KS","37.567","126.967","87.0","2022-04-18",,"58","71",
"KSM00047108","SEOUL CITY, KS","37.567","126.967","87.0","2022-04-19",,"60","72","48"
"KSM00047108","SEOUL CITY, KS","37.567","126.967","87.0","2022-04-20",,"60","72","49"
"KSM00047108","SEOUL CITY, KS","37.567","126.967","87.0","2022-04-21",,"63","73","49"
"KSM00047108","SEOUL CITY, KS","37.567","126.967","87.0","2022-04-22",,"57","62",
"KSM00047108","SEOUL CITY, KS","37.567","126.967","87.0","2022-04-23",,"66","78","51"
"KSM00047108","SEOUL CITY, KS","37.567","126.967","87.0","2022-04-24",,"66","76","59"
"KSM00047108","SEOUL CITY, KS","37.567","126.967","87.0","2022-04-25",,"68","74","63"
"KSM00047108","SEOUL CITY, KS","37.567","126.967","87.0","2022-04-26",,"69","84",
"KSM00047108","SEOUL CITY, KS","37.567","126.967","87.0","2022-04-27",,"63","75",
"KSM00047108","SEOUL CITY, KS","37.567","126.967","87.0","2022-04-28",,"64","79",
"KSM00047108","SEOUL CITY, KS","37.567","126.967","87.0","2022-04-29",,"56","62",
"KSM00047108","SEOUL CITY, KS","37.567","126.967","87.0","2022-04-30",,"54","64",
"KSM00047108","SEOUL CITY, KS","37.567","126.967","87.0","2022-05-01",,"57","67","46"
"KSM00047108","SEOUL CITY, KS","37.567","126.967","87.0","2022-05-02",,"58","67","48"
"KSM00047108","SEOUL CITY, KS","37.567","126.967","87.0","2022-05-03",,"59","69","48"
"KSM00047108","SEOUL CITY, KS","37.567","126.967","87.0","2022-05-04",,"65","77","50"
"KSM00047108","SEOUL CITY, KS","37.567","126.967","87.0","2022-05-05",,"67","78","54"
"KSM00047108","SEOUL CITY, KS","37.567","126.967","87.0","2022-05-06",,"68","78","57"
"KSM00047108","SEOUL CITY, KS","37.567","126.967","87.0","2022-05-07",,"65","74",
"KSM00047108","SEOUL CITY, KS","37.567","126.967","87.0","2022-05-08",,"58","65",
"KSM00047108","SEOUL CITY, KS","37.567","126.967","87.0","2022-05-09",,"66","78","52"
"KSM00047108","SEOUL CITY, KS","37.567","126.967","87.0","2022-05-10",,"69","79","56"
"KSM00047108","SEOUL CITY, KS","37.567","126.967","87.0","2022-05-11",,"66","77",
"KSM00047108","SEOUL CITY, KS","37.567","126.967","87.0","2022-05-12",,"70","83","57"
"KSM00047108","SEOUL CITY, KS","37.567","126.967","87.0","2022-05-13",,"65","77",
"KSM00047108","SEOUL CITY, KS","37.567","126.967","87.0","2022-05-14",,"60","68",
"KSM00047108","SEOUL CITY, KS","37.567","126.967","87.0","2022-05-15",,"61","72","51"
"KSM00047108","SEOUL CITY, KS","37.567","126.967","87.0","2022-05-16",,"64","75","52"
"KSM00047108","SEOUL CITY, KS","37.567","126.967","87.0","2022-05-17",,"69","81","55"
"KSM00047108","SEOUL CITY, KS","37.567","126.967","87.0","2022-05-18",,"68","78","60"
"KSM00047108","SEOUL CITY, KS","37.567","126.967","87.0","2022-05-19",,"68","76",
"KSM00047108","SEOUL CITY, KS","37.567","126.967","87.0","2022-05-20",,"69","78","60"
"KSM00047108","SEOUL CITY, KS","37.567","126.967","87.0","2022-05-21",,"67","79",
"KSM00047108","SEOUL CITY, KS","37.567","126.967","87.0","2022-05-22",,"70","78","60"
"KSM00047108","SEOUL CITY, KS","37.567","126.967","87.0","2022-05-23",,"73","87",
"KSM00047108","SEOUL CITY, KS","37.567","126.967","87.0","2022-05-24",,"73","86","62"
"KSM00047108","SEOUL CITY, KS","37.567","126.967","87.0","2022-05-25",,"68","80",
"KSM00047108","SEOUL CITY, KS","37.567","126.967","87.0","2022-05-26",,"67","74","57"
"KSM00047108","SEOUL CITY, KS","37.567","126.967","87.0","2022-05-27",,"68","78",
"KSM00047108","SEOUL CITY, KS","37.567","126.967","87.0","2022-05-28",,"74","85","59"
"KSM00047108","SEOUL CITY, KS","37.567","126.967","87.0","2022-05-29",,"74","85","67"
"KSM00047108","SEOUL CITY, KS","37.567","126.967","87.0","2022-05-30",,"67","76",
"KSM00047108","SEOUL CITY, KS","37.567","126.967","87.0","2022-05-31",,"70","81","58"
"KSM00047108","SEOUL CITY, KS","37.567","126.967","87.0","2022-06-01",,"72","83","61"
"KSM00047108","SEOUL CITY, KS","37.567","126.967","87.0","2022-06-02",,"71","80","63"
"KSM00047108","SEOUL CITY, KS","37.567","126.967","87.0","2022-06-03",,"77","91","66"
"KSM00047108","SEOUL CITY, KS","37.567","126.967","87.0","2022-06-04",,"79","85","69"
"KSM00047108","SEOUL CITY, KS","37.567","126.967","87.0","2022-06-05",,"71","81",
"KSM00047108","SEOUL CITY, KS","37.567","126.967","87.0","2022-06-06",,"66","76",
"KSM00047108","SEOUL CITY, KS","37.567","126.967","87.0","2022-06-07",,"70","77","59"
"KSM00047108","SEOUL CITY, KS","37.567","126.967","87.0","2022-06-08",,"71","78","61"
"KSM00047108","SEOUL CITY, KS","37.567","126.967","87.0","2022-06-09",,"69","76",
"KSM00047108","SEOUL CITY, KS","37.567","126.967","87.0","2022-06-10",,"70","80","63"
"KSM00047108","SEOUL CITY, KS","37.567","126.967","87.0","2022-06-11",,"78","91","64"
"KSM00047108","SEOUL CITY, KS","37.567","126.967","87.0","2022-06-12",,"77","89","66"
"KSM00047108","SEOUL CITY, KS","37.567","126.967","87.0","2022-06-13",,"74","85",
"KSM00047108","SEOUL CITY, KS","37.567","126.967","87.0","2022-06-14",,"69","81",
"KSM00047108","SEOUL CITY, KS","37.567","126.967","87.0","2022-06-15",,"65","68","59"
"KSM00047108","SEOUL CITY, KS","37.567","126.967","87.0","2022-06-16",,"69","77",
"KSM00047108","SEOUL CITY, KS","37.567","126.967","87.0","2022-06-17",,"75","83","62"
"KSM00047108","SEOUL CITY, KS","37.567","126.967","87.0","2022-06-18",,"74","77","72"
"KSM00047108","SEOUL CITY, KS","37.567","126.967","87.0","2022-06-19",,"74","77",
"KSM00047108","SEOUL CITY, KS","37.567","126.967","87.0","2022-06-20",,"77","84",
"KSM00047108","SEOUL CITY, KS","37.567","126.967","87.0","2022-06-21",,"80","91","70"
"KSM00047108","SEOUL CITY, KS","37.567","126.967","87.0","2022-06-22",,"79","88","71"
"KSM00047108","SEOUL CITY, KS","37.567","126.967","87.0","2022-06-23","2.47","75","80",
"KSM00047108","SEOUL CITY, KS","37.567","126.967","87.0","2022-06-24",,"73","77","69"
"KSM00047108","SEOUL CITY, KS","37.567","126.967","87.0","2022-06-25",,"80","87","71"
"KSM00047108","SEOUL CITY, KS","37.567","126.967","87.0","2022-06-26",,"80","83","77"
"KSM00047108","SEOUL CITY, KS","37.567","126.967","87.0","2022-06-27","0.06","81","83","78"
"KSM00047108","SEOUL CITY, KS","37.567","126.967","87.0","2022-06-28","0.07","79","82",
"KSM00047108","SEOUL CITY, KS","37.567","126.967","87.0","2022-06-29","0.39","76","79",
"KSM00047108","SEOUL CITY, KS","37.567","126.967","87.0","2022-06-30","4.41","72","76",
"KSM00047108","SEOUL CITY, KS","37.567","126.967","87.0","2022-07-01",,"81","88","71"
"KSM00047108","SEOUL CITY, KS","37.567","126.967","87.0","2022-07-02",,"84","93","75"
"KSM00047108","SEOUL CITY, KS","37.567","126.967","87.0","2022-07-03",,"86","94","76"
"KSM00047108","SEOUL CITY, KS","37.567","126.967","87.0","2022-07-04",,"85","91","80"
"KSM00047108","SEOUL CITY, KS","37.567","126.967","87.0","2022-07-05",,"84","92",
"KSM00047108","SEOUL CITY, KS","37.567","126.967","87.0","2022-07-06",,"85","92","79"
"KSM00047108","SEOUL CITY, KS","37.567","126.967","87.0","2022-07-07",,"82","88",
"KSM00047108","SEOUL CITY, KS","37.567","126.967","87.0","2022-07-08",,"78","82",
"KSM00047108","SEOUL CITY, KS","37.567","126.967","87.0","2022-07-09",,"81","88","75"
"KSM00047108","SEOUL CITY, KS","37.567","126.967","87.0","2022-07-10",,"84","95","76"
"KSM00047108","SEOUL CITY, KS","37.567","126.967","87.0","2022-07-11",,"80","87",
"KSM00047108","SEOUL CITY, KS","37.567","126.967","87.0","2022-07-12",,"82","85","74"
"KSM00047108","SEOUL CITY, KS","37.567","126.967","87.0","2022-07-13","2.36","76","81",
"KSM00047108","SEOUL CITY, KS","37.567","126.967","87.0","2022-07-14",,"78","86",
"KSM00047108","SEOUL CITY, KS","37.567","126.967","87.0","2022-07-15",,"79","87","73"
"KSM00047108","SEOUL CITY, KS","37.567","126.967","87.0","2022-07-16","13.39","76",,
"KSM00047108","SEOUL CITY, KS","37.567","126.967","87.0","2022-07-17","0.00","78",,"72"
"KSM00047108","SEOUL CITY, KS","37.567","126.967","87.0","2022-07-18",,"81","86","74"
"KSM00047108","SEOUL CITY, KS","37.567","126.967","87.0","2022-07-19",,"81",,"76"
"KSM00047108","SEOUL CITY, KS","37.567","126.967","87.0","2022-07-20",,"79",,
"KSM00047108","SEOUL CITY, KS","37.567","126.967","87.0","2022-07-21","4.53","75",,"69"
"KSM00047108","SEOUL CITY, KS","37.567","126.967","87.0","2022-07-22","2.05","77",,"73"
"KSM00047108","SEOUL CITY, KS","37.567","126.967","87.0","2022-07-23","0.00","76","82",
"KSM00047108","SEOUL CITY, KS","37.567","126.967","87.0","2022-07-24",,"78","83","72"
"KSM00047108","SEOUL CITY, KS","37.567","126.967","87.0","2022-07-25",,"82","90","74"
"KSM00047108","SEOUL CITY, KS","37.567","126.967","87.0","2022-07-26",,"85","92","76"
"KSM00047108","SEOUL CITY, KS","37.567","126.967","87.0","2022-07-27",,"84","92",
"KSM00047108","SEOUL CITY, KS","37.567","126.967","87.0","2022-07-28",,"87","94","77"
"KSM00047108","SEOUL CITY, KS","37.567","126.967","87.0","2022-07-29",,"87","94","81"
"KSM00047108","SEOUL CITY, KS","37.567","126.967","87.0","2022-07-30","0.39","88",,"81"
"KSM00047108","SEOUL CITY, KS","37.567","126.967","87.0","2022-07-31","8.78","80",,
"KSM00047108","SEOUL CITY, KS","37.567","126.967","87.0","2022-08-01","0.00","84","90","78"
"KSM00047108","SEOUL CITY, KS","37.567","126.967","87.0","2022-08-02","0.59","80","83",
"KSM00047108","SEOUL CITY, KS","37.567","126.967","87.0","2022-08-03",,"81","86","77"
"KSM00047108","SEOUL CITY, KS","37.567","126.967","87.0","2022-08-04",,"84","91","79"
"KSM00047108","SEOUL CITY, KS","37.567","126.967","87.0","2022-08-05",,"85","91","81"
"KSM00047108","SEOUL CITY, KS","37.567","126.967","87.0","2022-08-06",,"84","87",
"KSM00047108","SEOUL CITY, KS","37.567","126.967","87.0","2022-08-07",,"84","89","81"
"KSM00047108","SEOUL CITY, KS","37.567","126.967","87.0","2022-08-08","2.17","79","83",
"KSM00047108","SEOUL CITY, KS","37.567","126.967","87.0","2022-08-09","2.64","75","80",
"KSM00047108","SEOUL CITY, KS","37.567","126.967","87.0","2022-08-10",,"78","84","71"
"KSM00047108","SEOUL CITY, KS","37.567","126.967","87.0","2022-08-11",,"77","81",
"KSM00047108","SEOUL CITY, KS","37.567","126.967","87.0","2022-08-12",,"82","90","73"
"KSM00047108","SEOUL CITY, KS","37.567","126.967","87.0","2022-08-13",,"78","81",
"KSM00047108","SEOUL CITY, KS","37.567","126.967","87.0","2022-08-14",,"83","89","76"
"KSM00047108","SEOUL CITY, KS","37.567","126.967","87.0","2022-08-15",,"81","86",
"KSM00047108","SEOUL CITY, KS","37.567","126.967","87.0","2022-08-16",,"80","86",
"KSM00047108","SEOUL CITY, KS","37.567","126.967","87.0","2022-08-17",,"78","87",
"KSM00047108","SEOUL CITY, KS","37.567","126.967","87.0","2022-08-18",,"78","86","72"
"KSM00047108","SEOUL CITY, KS","37.567","126.967","87.0","2022-08-19",,"80","81","74"
"KSM00047108","SEOUL CITY, KS","37.567","126.967","87.0","2022-08-20",,"83","90",
"KSM00047108","SEOUL CITY, KS","37.567","126.967","87.0","2022-08-21",,"83","90","76"
"KSM00047108","SEOUL CITY, KS","37.567","126.967","87.0","2022-08-22",,"79","86",
"KSM00047108","SEOUL CITY, KS","37.567","126.967","87.0","2022-08-23",,"78","86","72"
"KSM00047108","SEOUL CITY, KS","37.567","126.967","87.0","2022-08-24",,"76","82",
"KSM00047108","SEOUL CITY, KS","37.567","126.967","87.0","2022-08-25",,"71","75",
"KSM00047108","SEOUL CITY, KS","37.567","126.967","87.0","2022-08-26",,"74","83",
"KSM00047108","SEOUL CITY, KS","37.567","126.967","87.0","2022-08-27",,"69","78",
"KSM00047108","SEOUL CITY, KS","37.567","126.967","87.0","2022-08-28",,"75","83","61"
"KSM00047108","SEOUL CITY, KS","37.567","126.967","87.0","2022-08-29",,"68","72",
"KSM00047108","SEOUL CITY, KS","37.567","126.967","87.0","2022-08-30","0.87","67","69","64"
"KSM00047108","SEOUL CITY, KS","37.567","126.967","87.0","2022-08-31",,"71","77",
"KSM00047108","SEOUL CITY, KS","37.567","126.967","87.0","2022-09-01",,"76","87","65"
"KSM00047108","SEOUL CITY, KS","37.567","126.967","87.0","2022-09-02",,"76","86","69"
"KSM00047108","SEOUL CITY, KS","37.567","126.967","87.0","2022-09-03",,"76","85",
"KSM00047108","SEOUL CITY, KS","37.567","126.967","87.0","2022-09-04","0.59","72","75","68"
"KSM00047108","SEOUL CITY, KS","37.567","126.967","87.0","2022-09-05","1.89","65","73",
"KSM00047108","SEOUL CITY, KS","37.567","126.967","87.0","2022-09-06",,"71","79","63"
"KSM00047108","SEOUL CITY, KS","37.567","126.967","87.0","2022-09-07",,"72","83",
"KSM00047108","SEOUL CITY, KS","37.567","126.967","87.0","2022-09-08",,"75","85","62"
"KSM00047108","SEOUL CITY, KS","37.567","126.967","87.0","2022-09-09",,"76","87","66"
"KSM00047108","SEOUL CITY, KS","37.567","126.967","87.0","2022-09-10",,"75","83","66"
"KSM00047108","SEOUL CITY, KS","37.567","126.967","87.0","2022-09-11",,"74","80",
"KSM00047108","SEOUL CITY, KS","37.567","126.967","87.0","2022-09-12",,"76","81","69"
"KSM00047108","SEOUL CITY, KS","37.567","126.967","87.0","2022-09-13",,"76","80","71"
"KSM00047108","SEOUL CITY, KS","37.567","126.967","87.0","2022-09-14",,"76","82",
"KSM00047108","SEOUL CITY, KS","37.567","126.967","87.0","2022-09-15",,"78","83","72"
"KSM00047108","SEOUL CITY, KS","37.567","126.967","87.0","2022-09-16",,"78","86",
"KSM00047108","SEOUL CITY, KS","37.567","126.967","87.0","2022-09-17",,"78",,
"KSM00047108","SEOUL CITY, KS","37.567","126.967","87.0","2022-09-18",,"81",,"73"
"KSM00047108","SEOUL CITY, KS","37.567","126.967","87.0","2022-09-19",,"72","85",
"KSM00047108","SEOUL CITY, KS","37.567","126.967","87.0","2022-09-20",,"66","76",
"KSM00047108","SEOUL CITY, KS","37.567","126.967","87.0","2022-09-21",,"67",,"55"
"KSM00047108","SEOUL CITY, KS","37.567","126.967","87.0","2022-09-22",,"68",,"58"
"KSM00047108","SEOUL CITY, KS","37.567","126.967","87.0","2022-09-23",,"62",,
"KSM00047108","SEOUL CITY, KS","37.567","126.967","87.0","2022-09-24",,"67",,"54"
"KSM00047108","SEOUL CITY, KS","37.567","126.967","87.0","2022-09-25",,"67",,
"KSM00047108","SEOUL CITY, KS","37.567","126.967","87.0","2022-09-26",,"68",,
"KSM00047108","SEOUL CITY, KS","37.567","126.967","87.0","2022-09-27",,"70",,"57"
"KSM00047108","SEOUL CITY, KS","37.567","126.967","87.0","2022-09-28",,"69",,"61"
"KSM00047108","SEOUL CITY, KS","37.567","126.967","87.0","2022-09-29",,"68",,
"KSM00047108","SEOUL CITY, KS","37.567","126.967","87.0","2022-09-30",,"69",,
"KSM00047108","SEOUL CITY, KS","37.567","126.967","87.0","2022-10-01",,"71",,"58"
"KSM00047108","SEOUL CITY, KS","37.567","126.967","87.0","2022-10-02",,"66",,
"KSM00047108","SEOUL CITY, KS","37.567","126.967","87.0","2022-10-03",,"71",,
"KSM00047108","SEOUL CITY, KS","37.567","126.967","87.0","2022-10-04",,"61",,
"KSM00047108","SEOUL CITY, KS","37.567","126.967","87.0","2022-10-05",,"62",,
"KSM00047108","SEOUL CITY, KS","37.567","126.967","87.0","2022-10-06",,"60",,
"KSM00047108","SEOUL CITY, KS","37.567","126.967","87.0","2022-10-07",,"58",,"52"
"KSM00047108","SEOUL CITY, KS","37.567","126.967","87.0","2022-10-08",,"62",,"52"
"KSM00047108","SEOUL CITY, KS","37.567","126.967","87.0","2022-10-09",,"53",,
"KSM00047108","SEOUL CITY, KS","37.567","126.967","87.0","2022-10-10",,"48",,
"KSM00047108","SEOUL CITY, KS","37.567","126.967","87.0","2022-10-11",,"52",,
"KSM00047108","SEOUL CITY, KS","37.567","126.967","87.0","2022-10-12",,"58",,"44"
"KSM00047108","SEOUL CITY, KS","37.567","126.967","87.0","2022-10-13",,"63","73","51"
"KSM00047108","SEOUL CITY, KS","37.567","126.967","87.0","2022-10-14",,"64",,
"KSM00047108","SEOUL CITY, KS","37.567","126.967","87.0","2022-10-15",,"65",,"55"
"KSM00047108","SEOUL CITY, KS","37.567","126.967","87.0","2022-10-16",,"61",,
"KSM00047108","SEOUL CITY, KS","37.567","126.967","87.0","2022-10-17",,"49",,
"KSM00047108","SEOUL CITY, KS","37.567","126.967","87.0","2022-10-18",,"48",,
"KSM00047108","SEOUL CITY, KS","37.567","126.967","87.0","2022-10-19",,"52",,"40"
"KSM00047108","SEOUL CITY, KS","37.567","126.967","87.0","2022-10-20",,"57",,"43"
"KSM00047108","SEOUL CITY, KS","37.567","126.967","87.0","2022-10-21",,"58",,
"KSM00047108","SEOUL CITY, KS","37.567","126.967","87.0","2022-10-22",,"60",,"51"
"KSM00047108","SEOUL CITY, KS","37.567","126.967","87.0","2022-10-23",,"55",,
"KSM00047108","SEOUL CITY, KS","37.567","126.967","87.0","2022-10-24",,"50",,
"KSM00047108","SEOUL CITY, KS","37.567","126.967","87.0","2022-10-25",,"53",,"43"
"KSM00047108","SEOUL CITY, KS","37.567","126.967","87.0","2022-10-26",,"56",,"46"
"KSM00047108","SEOUL CITY, KS","37.567","126.967","87.0","2022-10-27",,"56",,
"KSM00047108","SEOUL CITY, KS","37.567","126.967","87.0","2022-10-28",,"58",,"47"
"KSM00047108","SEOUL CITY, KS","37.567","126.967","87.0","2022-10-29",,"59",,"50"
"KSM00047108","SEOUL CITY, KS","37.567","126.967","87.0","2022-10-30",,"59",,"51"
"KSM00047108","SEOUL CITY, KS","37.567","126.967","87.0","2022-10-31",,"59",,
"KSM00047108","SEOUL CITY, KS","37.567","126.967","87.0","2022-11-01",,"53",,
"KSM00047108","SEOUL CITY, KS","37.567","126.967","87.0","2022-11-02",,"53",,"42"
"KSM00047108","SEOUL CITY, KS","37.567","126.967","87.0","2022-11-03",,"46",,
"KSM00047108","SEOUL CITY, KS","37.567","126.967","87.0","2022-11-04",,"40",,
"KSM00047108","SEOUL CITY, KS","37.567","126.967","87.0","2022-11-05",,"46",,"33"
"KSM00047108","SEOUL CITY, KS","37.567","126.967","87.0","2022-11-06",,"51",,"39"
"KSM00047108","SEOUL CITY, KS","37.567","126.967","87.0","2022-11-07",,"55",,"43"
"KSM00047108","SEOUL CITY, KS","37.567","126.967","87.0","2022-11-08",,"53",,
"KSM00047108","SEOUL CITY, KS","37.567","126.967","87.0","2022-11-09",,"54",,"44"
"KSM00047108","SEOUL CITY, KS","37.567","126.967","87.0","2022-11-10",,"57","66","48"
"KSM00047108","SEOUL CITY, KS","37.567","126.967","87.0","2022-11-11",,"61",,"52"
"KSM00047108","SEOUL CITY, KS","37.567","126.967","87.0","2022-11-12",,"61","72",
"KSM00047108","SEOUL CITY, KS","37.567","126.967","87.0","2022-11-13",,"50",,
"KSM00047108","SEOUL CITY, KS","37.567","126.967","87.0","2022-11-14",,"47",,
"KSM00047108","SEOUL CITY, KS","37.567","126.967","87.0","2022-11-15",,"47",,"39"
"KSM00047108","SEOUL CITY, KS","37.567","126.967","87.0","2022-11-16",,"48",,"42"
"KSM00047108","SEOUL CITY, KS","37.567","126.967","87.0","2022-11-17",,"51",,"42"
"KSM00047108","SEOUL CITY, KS","37.567","126.967","87.0","2022-11-18",,"53",,"42"
"KSM00047108","SEOUL CITY, KS","37.567","126.967","87.0","2022-11-19",,"56",,"48"
"KSM00047108","SEOUL CITY, KS","37.567","126.967","87.0","2022-11-20",,"56",,"49"
"KSM00047108","SEOUL CITY, KS","37.567","126.967","87.0","2022-11-21",,"53",,
"KSM00047108","SEOUL CITY, KS","37.567","126.967","87.0","2022-11-22",,"53",,"45"
"KSM00047108","SEOUL CITY, KS","37.567","126.967","87.0","2022-11-23",,"49",,
"KSM00047108","SEOUL CITY, KS","37.567","126.967","87.0","2022-11-24",,"50",,"43"
"KSM00047108","SEOUL CITY, KS","37.567","126.967","87.0","2022-11-25",,"55",,"45"
"KSM00047108","SEOUL CITY, KS","37.567","126.967","87.0","2022-11-26",,"39",,
"KSM00047108","SEOUL CITY, KS","37.567","126.967","87.0","2022-11-27",,"47",,"30"
"KSM00047108","SEOUL CITY, KS","37.567","126.967","87.0","2022-11-28",,"56",,"45"
"KSM00047108","SEOUL CITY, KS","37.567","126.967","87.0","2022-11-29",,"35",,
"KSM00047108","SEOUL CITY, KS","37.567","126.967","87.0","2022-11-30",,"21",,
"KSM00047108","SEOUL CITY, KS","37.567","126.967","87.0","2022-12-01",,"23",,"15"
"KSM00047108","SEOUL CITY, KS","37.567","126.967","87.0","2022-12-02",,"31",,"18"
"KSM00047108","SEOUL CITY, KS","37.567","126.967","87.0","2022-12-03",,"34",,
"KSM00047108","SEOUL CITY, KS","37.567","126.967","87.0","2022-12-04",,"25",,
"KSM00047108","SEOUL CITY, KS","37.567","126.967","87.0","2022-12-05",,"28",,"19"
"KSM00047108","SEOUL CITY, KS","37.567","126.967","87.0","2022-12-06",,"37",,"25"
"KSM00047108","SEOUL CITY, KS","37.567","126.967","87.0","2022-12-07",,"40",,
"KSM00047108","SEOUL CITY, KS","37.567","126.967","87.0","2022-12-08",,"39",,"32"
"KSM00047108","SEOUL CITY, KS","37.567","126.967","87.0","2022-12-09",,"40",,
"KSM00047108","SEOUL CITY, KS","37.567","126.967","87.0","2022-12-10",,"36",,
"KSM00047108","SEOUL CITY, KS","37.567","126.967","87.0","2022-12-11",,"35",,
"KSM00047108","SEOUL CITY, KS","37.567","126.967","87.0","2022-12-12",,"38",,"28"
"KSM00047108","SEOUL CITY, KS","37.567","126.967","87.0","2022-12-13",,"27",,
"KSM00047108","SEOUL CITY, KS","37.567","126.967","87.0","2022-12-14",,"19",,"12"
"KSM00047108","SEOUL CITY, KS","37.567","126.967","87.0","2022-12-15",,"24",,
"KSM00047108","SEOUL CITY, KS","37.567","126.967","87.0","2022-12-16",,"21",,
"KSM00047108","SEOUL CITY, KS","37.567","126.967","87.0","2022-12-17",,"18",,
"KSM00047108","SEOUL CITY, KS","37.567","126.967","87.0","2022-12-18",,"15",,"10"
"KSM00047108","SEOUL CITY, KS","37.567","126.967","87.0","2022-12-19",,"21",,"10"
"KSM00047108","SEOUL CITY, KS","37.567","126.967","87.0","2022-12-20",,"31",,"15"
"KSM00047108","SEOUL CITY, KS","37.567","126.967","87.0","2022-12-21",,"29",,
"KSM00047108","SEOUL CITY, KS","37.567","126.967","87.0","2022-12-22",,"14",,
"KSM00047108","SEOUL CITY, KS","37.567","126.967","87.0","2022-12-23",,"11",,"7"
"KSM00047108","SEOUL CITY, KS","37.567","126.967","87.0","2022-12-24",,"19",,"8"
"KSM00047108","SEOUL CITY, KS","37.567","126.967","87.0","2022-12-25",,"24",,"15"
"KSM00047108","SEOUL CITY, KS","37.567","126.967","87.0","2022-12-26",,"25",,"18"
"KSM00047108","SEOUL CITY, KS","37.567","126.967","87.0","2022-12-27",,"29",,"19"
"KSM00047108","SEOUL CITY, KS","37.567","126.967","87.0","2022-12-28",,"24",,
"KSM00047108","SEOUL CITY, KS","37.567","126.967","87.0","2022-12-29",,"29",,"18"
"KSM00047108","SEOUL CITY, KS","37.567","126.967","87.0","2022-12-30",,"28",,
"KSM00047108","SEOUL CITY, KS","37.567","126.967","87.0","2022-12-31",,"32",,"23"
"KSM00047108","SEOUL CITY, KS","37.567","126.967","87.0","2023-01-01",,"28",,
"KSM00047108","SEOUL CITY, KS","37.567","126.967","87.0","2023-01-02",,"23","31",
"KSM00047108","SEOUL CITY, KS","37.567","126.967","87.0","2023-01-03",,"25",,"16"
"KSM00047108","SEOUL CITY, KS","37.567","126.967","87.0","2023-01-04",,"29",,"22"
"KSM00047108","SEOUL CITY, KS","37.567","126.967","87.0","2023-01-05",,"30",,"22"
"KSM00047108","SEOUL CITY, KS","37.567","126.967","87.0","2023-01-06",,"36",,"24"
"KSM00047108","SEOUL CITY, KS","37.567","126.967","87.0","2023-01-07",,"32",,
"KSM00047108","SEOUL CITY, KS","37.567","126.967","87.0","2023-01-08",,"38",,"25"
"KSM00047108","SEOUL CITY, KS","37.567","126.967","87.0","2023-01-09",,"34",,
"KSM00047108","SEOUL CITY, KS","37.567","126.967","87.0","2023-01-10",,"36",,"25"
"KSM00047108","SEOUL CITY, KS","37.567","126.967","87.0","2023-01-11",,"37",,"28"
"KSM00047108","SEOUL CITY, KS","37.567","126.967","87.0","2023-01-12",,"46",,"31"
"KSM00047108","SEOUL CITY, KS","37.567","126.967","87.0","2023-01-13","1.40","48",,"41"
"KSM00047108","SEOUL CITY, KS","37.567","126.967","87.0","2023-01-14","0.00","41",,
"KSM00047108","SEOUL CITY, KS","37.567","126.967","87.0","2023-01-15",,"28",,
"KSM00047108","SEOUL CITY, KS","37.567","126.967","87.0","2023-01-16",,"23",,"20"
"KSM00047108","SEOUL CITY, KS","37.567","126.967","87.0","2023-01-17",,"27",,"19"
"KSM00047108","SEOUL CITY, KS","37.567","126.967","87.0","2023-01-18",,"28",,
"KSM00047108","SEOUL CITY, KS","37.567","126.967","87.0","2023-01-19",,"34",,"21"
"KSM00047108","SEOUL CITY, KS","37.567","126.967","87.0","2023-01-20",,"24",,
"KSM00047108","SEOUL CITY, KS","37.567","126.967","87.0","2023-01-21",,"27",,"13"
"KSM00047108","SEOUL CITY, KS","37.567","126.967","87.0","2023-01-22",,"32",,"27"
"KSM00047108","SEOUL CITY, KS","37.567","126.967","87.0","2023-01-23",,"24",,
"KSM00047108","SEOUL CITY, KS","37.567","126.967","87.0","2023-01-24",,"4",,
"KSM00047108","SEOUL CITY, KS","37.567","126.967","87.0","2023-01-25",,"16",,"1"
"KSM00047108","SEOUL CITY, KS","37.567","126.967","87.0","2023-01-26",,"22",,"16"
"KSM00047108","SEOUL CITY, KS","37.567","126.967","87.0","2023-01-27",,"18",,
"KSM00047108","SEOUL CITY, KS","37.567","126.967","87.0","2023-01-28",,"23",,"12"
"KSM00047108","SEOUL CITY, KS","37.567","126.967","87.0","2023-01-29",,"31",,"18"
"KSM00047108","SEOUL CITY, KS","37.567","126.967","87.0","2023-01-30",,"31",,"24"
"KSM00047108","SEOUL CITY, KS","37.567","126.967","87.0","2023-01-31",,"39","46","26"
"KSM00047108","SEOUL CITY, KS","37.567","126.967","87.0","2023-02-01",,"31",,
"KSM00047108","SEOUL CITY, KS","37.567","126.967","87.0","2023-02-02",,"28",,"23"
"KSM00047108","SEOUL CITY, KS","37.567","126.967","87.0","2023-02-03",,"29",,
"KSM00047108","SEOUL CITY, KS","37.567","126.967","87.0","2023-02-04",,"33",,"23"
"KSM00047108","SEOUL CITY, KS","37.567","126.967","87.0","2023-02-05",,"36",,"26"
"KSM00047108","SEOUL CITY, KS","37.567","126.967","87.0","2023-02-06",,"38",,"29"
"KSM00047108","SEOUL CITY, KS","37.567","126.967","87.0","2023-02-07",,"38",,
"KSM00047108","SEOUL CITY, KS","37.567","126.967","87.0","2023-02-08",,"35",,
"KSM00047108","SEOUL CITY, KS","37.567","126.967","87.0","2023-02-09",,"42",,"27"
"KSM00047108","SEOUL CITY, KS","37.567","126.967","87.0","2023-02-10",,"37",,
"KSM00047108","SEOUL CITY, KS","37.567","126.967","87.0","2023-02-11",,"37",,"30"
"KSM00047108","SEOUL CITY, KS","37.567","126.967","87.0","2023-02-12",,"42",,"30"
"KSM00047108","SEOUL CITY, KS","37.567","126.967","87.0","2023-02-13",,"39",,
"KSM00047108","SEOUL CITY, KS","37.567","126.967","87.0","2023-02-14",,"35",,"27"
"KSM00047108","SEOUL CITY, KS","37.567","126.967","87.0","2023-02-15",,"39",,"30"
"KSM00047108","SEOUL CITY, KS","37.567","126.967","87.0","2023-02-16",,"34",,
"KSM00047108","SEOUL CITY, KS","37.567","126.967","87.0","2023-02-17",,"41",,"29"
"KSM00047108","SEOUL CITY, KS","37.567","126.967","87.0","2023-02-18",,"42",,"37"
"KSM00047108","SEOUL CITY, KS","37.567","126.967","87.0","2023-02-19",,"36",,
"KSM00047108","SEOUL CITY, KS","37.567","126.967","87.0","2023-02-20",,"29",,
"KSM00047108","SEOUL CITY, KS","37.567","126.967","87.0","2023-02-21",,"30",,"22"
"KSM00047108","SEOUL CITY, KS","37.567","126.967","87.0","2023-02-22",,"35",,"24"
"KSM00047108","SEOUL CITY, KS","37.567","126.967","87.0","2023-02-23",,"39",,"29"
"KSM00047108","SEOUL CITY, KS","37.567","126.967","87.0","2023-02-24",,"36",,
"KSM00047108","SEOUL CITY, KS","37.567","126.967","87.0","2023-02-25",,"33",,
"KSM00047108","SEOUL CITY, KS","37.567","126.967","87.0","2023-02-26",,"37",,"26"
"KSM00047108","SEOUL CITY, KS","37.567","126.967","87.0","2023-02-27",,"40",,"29"
"KSM00047108","SEOUL CITY, KS","37.567","126.967","87.0","2023-02-28",,"43",,"31"
"KSM00047108","SEOUL CITY, KS","37.567","126.967","87.0","2023-03-01",,"40",,
"KSM00047108","SEOUL CITY, KS","37.567","126.967","87.0","2023-03-02",,"36",,"29"
"KSM00047108","SEOUL CITY, KS","37.567","126.967","87.0","2023-03-03",,"42","51",
"KSM00047108","SEOUL CITY, KS","37.567","126.967","87.0","2023-03-04",,"45",,
"KSM00047108","SEOUL CITY, KS","37.567","126.967","87.0","2023-03-05",,"46",,
"KSM00047108","SEOUL CITY, KS","37.567","126.967","87.0","2023-03-06",,"51",,"36"
"KSM00047108","SEOUL CITY, KS","37.567","126.967","87.0","2023-03-07",,"53",,"43"
"KSM00047108","SEOUL CITY, KS","37.567","126.967","87.0","2023-03-08",,"57",,"45"
"KSM00047108","SEOUL CITY, KS","37.567","126.967","87.0","2023-03-09",,"48",,
"KSM00047108","SEOUL CITY, KS","37.567","126.967","87.0","2023-03-10",,"59",,"43"
"KSM00047108","SEOUL CITY, KS","37.567","126.967","87.0","2023-03-11",,"59",,
"KSM00047108","SEOUL CITY, KS","37.567","126.967","87.0","2023-03-12",,"37",,
"KSM00047108","SEOUL CITY, KS","37.567","126.967","87.0","2023-03-13",,"40",,"29"
"KSM00047108","SEOUL CITY, KS","37.567","126.967","87.0","2023-03-14",,"51",,"38"
"KSM00047108","SEOUL CITY, KS","37.567","126.967","87.0","2023-03-15",,"44",,
"KSM00047108","SEOUL CITY, KS","37.567","126.967","87.0","2023-03-16",,"40",,"33"
"KSM00047108","SEOUL CITY, KS","37.567","126.967","87.0","2023-03-17",,"46",,"33"
"KSM00047108","SEOUL CITY, KS","37.567","126.967","87.0","2023-03-18",,"46",,"36"
"KSM00047108","SEOUL CITY, KS","37.567","126.967","87.0","2023-03-19",,"47",,"36"
"KSM00047108","SEOUL CITY, KS","37.567","126.967","87.0","2023-03-20",,"50",,"37"
"KSM00047108","SEOUL CITY, KS","37.567","126.967","87.0","2023-03-21",,"58",,"41"
"KSM00047108","SEOUL CITY, KS","37.567","126.967","87.0","2023-03-22",,"65",,"49"
"KSM00047108","SEOUL CITY, KS","37.567","126.967","87.0","2023-03-23",,"60",,
"KSM00047108","SEOUL CITY, KS","37.567","126.967","87.0","2023-03-24",,"55",,"46"
"KSM00047108","SEOUL CITY, KS","37.567","126.967","87.0","2023-03-25",,"54",,
"KSM00047108","SEOUL CITY, KS","37.567","126.967","87.0","2023-03-26",,"46",,
"KSM00047108","SEOUL CITY, KS","37.567","126.967","87.0","2023-03-27",,"46",,"35"
"KSM00047108","SEOUL CITY, KS","37.567","126.967","87.0","2023-03-28",,"49",,"37"
"KSM00047108","SEOUL CITY, KS","37.567","126.967","87.0","2023-03-29",,"54",,"41"
"KSM00047108","SEOUL CITY, KS","37.567","126.967","87.0","2023-03-30",,"56",,"44"
"KSM00047108","SEOUL CITY, KS","37.567","126.967","87.0","2023-03-31",,"60",,"45"
"KSM00047108","SEOUL CITY, KS","37.567","126.967","87.0","2023-04-01",,"65",,"49"
"KSM00047108","SEOUL CITY, KS","37.567","126.967","87.0","2023-04-02",,"65",,
"KSM00047108","SEOUL CITY, KS","37.567","126.967","87.0","2023-04-03",,"68",,"52"
"KSM00047108","SEOUL CITY, KS","37.567","126.967","87.0","2023-04-04",,"62",,
"KSM00047108","SEOUL CITY, KS","37.567","126.967","87.0","2023-04-05",,"51",,
"KSM00047108","SEOUL CITY, KS","37.567","126.967","87.0","2023-04-06",,"46",,
"KSM00047108","SEOUL CITY, KS","37.567","126.967","87.0","2023-04-07",,"47",,
"KSM00047108","SEOUL CITY, KS","37.567","126.967","87.0","2023-04-08",,"48",,"38"
"KSM00047108","SEOUL CITY, KS","37.567","126.967","87.0","2023-04-09",,"53",,"38"
"KSM00047108","SEOUL CITY, KS","37.567","126.967","87.0","2023-04-10",,"59",,"43"
"KSM00047108","SEOUL CITY, KS","37.567","126.967","87.0","2023-04-11",,"52",,
"KSM00047108","SEOUL CITY, KS","37.567","126.967","87.0","2023-04-12",,"50",,"41"
"KSM00047108","SEOUL CITY, KS","37.567","126.967","87.0","2023-04-13",,"57",,"41"
"KSM00047108","SEOUL CITY, KS","37.567","126.967","87.0","2023-04-14",,"62",,"53"
"KSM00047108","SEOUL CITY, KS","37.567","126.967","87.0","2023-04-15",,"53",,
"KSM00047108","SEOUL CITY, KS","37.567","126.967","87.0","2023-04-16",,"51",,
"KSM00047108","SEOUL CITY, KS","37.567","126.967","87.0","2023-04-17",,"59",,"44"
"KSM00047108","SEOUL CITY, KS","37.567","126.967","87.0","2023-04-18",,"57",,"51"
"KSM00047108","SEOUL CITY, KS","37.567","126.967","87.0","2023-04-19",,"68",,"53"
"KSM00047108","SEOUL CITY, KS","37.567","126.967","87.0","2023-04-20",,"59",,
"KSM00047108","SEOUL CITY, KS","37.567","126.967","87.0","2023-04-21",,"62",,"53"
"KSM00047108","SEOUL CITY, KS","37.567","126.967","87.0","2023-04-22",,"62",,
"KSM00047108","SEOUL CITY, KS","37.567","126.967","87.0","2023-04-23",,"62",,"51"
"KSM00047108","SEOUL CITY, KS","37.567","126.967","87.0","2023-04-24",,"59",,
"KSM00047108","SEOUL CITY, KS","37.567","126.967","87.0","2023-04-25",,"51",,
"KSM00047108","SEOUL CITY, KS","37.567","126.967","87.0","2023-04-26",,"48",,
"KSM00047108","SEOUL CITY, KS","37.567","126.967","87.0","2023-04-27",,"57",,"41"
"KSM00047108","SEOUL CITY, KS","37.567","126.967","87.0","2023-04-28",,"63","70","48"
"KSM00047108","SEOUL CITY, KS","37.567","126.967","87.0","2023-04-29",,"52",,
"KSM00047108","SEOUL CITY, KS","37.567","126.967","87.0","2023-04-30",,"56",,"46"
"KSM00047108","SEOUL CITY, KS","37.567","126.967","87.0","2023-05-01",,"58",,
"KSM00047108","SEOUL CITY, KS","37.567","126.967","87.0","2023-05-02",,"65",,"48"
"KSM00047108","SEOUL CITY, KS","37.567","126.967","87.0","2023-05-03",,"68",,"54"
"KSM00047108","SEOUL CITY, KS","37.567","126.967","87.0","2023-05-04",,"71",,"60"
"KSM00047108","SEOUL CITY, KS","37.567","126.967","87.0","2023-05-05","0.21","62",,
"KSM00047108","SEOUL CITY, KS","37.567","126.967","87.0","2023-05-06","0.00","54",,"53"
"KSM00047108","SEOUL CITY, KS","37.567","126.967","87.0","2023-05-07",,"56",,
"KSM00047108","SEOUL CITY, KS","37.567","126.967","87.0","2023-05-08",,"60",,"46"
"KSM00047108","SEOUL CITY, KS","37.567","126.967","87.0","2023-05-09",,"63",,"50"
"KSM00047108","SEOUL CITY, KS","37.567","126.967","87.0","2023-05-10",,"66","79","51"
"KSM00047108","SEOUL CITY, KS","37.567","126.967","87.0","2023-05-11",,"67",,"55"
"KSM00047108","SEOUL CITY, KS","37.567","126.967","87.0","2023-05-12",,"65",,
"KSM00047108","SEOUL CITY, KS","37.567","126.967","87.0","2023-05-13",,"64",,"55"
"KSM00047108","SEOUL CITY, KS","37.567","126.967","87.0","2023-05-14",,"65",,"55"
"KSM00047108","SEOUL CITY, KS","37.567","126.967","87.0","2023-05-15",,"72",,"55"
"KSM00047108","SEOUL CITY, KS","37.567","126.967","87.0","2023-05-16",,"76",,"63"
"KSM00047108","SEOUL CITY, KS","37.567","126.967","87.0","2023-05-17",,"74",,"65"
"KSM00047108","SEOUL CITY, KS","37.567","126.967","87.0","2023-05-18",,"70",,
"KSM00047108","SEOUL CITY, KS","37.567","126.967","87.0","2023-05-19",,"73",,"62"
"KSM00047108","SEOUL CITY, KS","37.567","126.967","87.0","2023-05-20",,"69",,
"KSM00047108","SEOUL CITY, KS","37.567","126.967","87.0","2023-05-21",,"65",,"60"
"KSM00047108","SEOUL CITY, KS","37.567","126.967","87.0","2023-05-22",,"71",,
"KSM00047108","SEOUL CITY, KS","37.567","126.967","87.0","2023-05-23",,"69",,"57"
"KSM00047108","SEOUL CITY, KS","37.567","126.967","87.0","2023-05-24",,"69",,"59"
"KSM00047108","SEOUL CITY, KS","37.567","126.967","87.0","2023-05-25",,"70",,"60"
"KSM00047108","SEOUL CITY, KS","37.567","126.967","87.0","2023-05-26",,"72",,"60"
"KSM00047108","SEOUL CITY, KS","37.567","126.967","87.0","2023-05-27",,"67",,
"KSM00047108","SEOUL CITY, KS","37.567","126.967","87.0","2023-05-28",,"67",,"65"
"KSM00047108","SEOUL CITY, KS","37.567","126.967","87.0","2023-05-29",,"75",,"66"
"KSM00047108","SEOUL CITY, KS","37.567","126.967","87.0","2023-05-30",,"74",,
"KSM00047108","SEOUL CITY, KS","37.567","126.967","87.0","2023-05-31",,"73",,"66"
"KSM00047108","SEOUL CITY, KS","37.567","126.967","87.0","2023-06-01",,"72","79",
"KSM00047108","SEOUL CITY, KS","37.567","126.967","87.0","2023-06-02",,"68","77",
"KSM00047108","SEOUL CITY, KS","37.567","126.967","87.0","2023-06-03",,"71",,"62"
"KSM00047108","SEOUL CITY, KS","37.567","126.967","87.0","2023-06-04",,"72",,"62"
"KSM00047108","SEOUL CITY, KS","37.567","126.967","87.0","2023-06-05",,"70",,
"KSM00047108","SEOUL CITY, KS","37.567","126.967","87.0","2023-06-06",,"69",,"63"
"KSM00047108","SEOUL CITY, KS","37.567","126.967","87.0","2023-06-07",,"70",,
"KSM00047108","SEOUL CITY, KS","37.567","126.967","87.0","2023-06-08",,"69","75","65"
"KSM00047108","SEOUL CITY, KS","37.567","126.967","87.0","2023-06-09","0.12","75",,"65"
"KSM00047108","SEOUL CITY, KS","37.567","126.967","87.0","2023-06-10","0.00","72","83",
"KSM00047108","SEOUL CITY, KS","37.567","126.967","87.0","2023-06-11",,"72",,"64"
"KSM00047108","SEOUL CITY, KS","37.567","126.967","87.0","2023-06-12",,"72",,"65"
"KSM00047108","SEOUL CITY, KS","37.567","126.967","87.0","2023-06-13",,"71",,
"KSM00047108","SEOUL CITY, KS","37.567","126.967","87.0","2023-06-14",,"70",,"63"
"KSM00047108","SEOUL CITY, KS","37.567","126.967","87.0","2023-06-15",,"73",,"64"
"KSM00047108","SEOUL CITY, KS","37.567","126.967","87.0","2023-06-16",,"75",,
"KSM00047108","SEOUL CITY, KS","37.567","126.967","87.0","2023-06-17",,"76",,"66"
"KSM00047108","SEOUL CITY, KS","37.567","126.967","87.0","2023-06-18",,"80",,"69"
"KSM00047108","SEOUL CITY, KS","37.567","126.967","87.0","2023-06-19",,"84",,"74"
"KSM00047108","SEOUL CITY, KS","37.567","126.967","87.0","2023-06-20",,"74",,
"KSM00047108","SEOUL CITY, KS","37.567","126.967","87.0","2023-06-21",,"69",,
"KSM00047108","SEOUL CITY, KS","37.567","126.967","87.0","2023-06-22",,"74",,"66"
"KSM00047108","SEOUL CITY, KS","37.567","126.967","87.0","2023-06-23",,"77",,"68"
"KSM00047108","SEOUL CITY, KS","37.567","126.967","87.0","2023-06-24",,"82",,"71"
"KSM00047108","SEOUL CITY, KS","37.567","126.967","87.0","2023-06-25",,"81","92",
"KSM00047108","SEOUL CITY, KS","37.567","126.967","87.0","2023-06-26",,"74",,
"KSM00047108","SEOUL CITY, KS","37.567","126.967","87.0","2023-06-27",,"79",,"71"
"KSM00047108","SEOUL CITY, KS","37.567","126.967","87.0","2023-06-28",,"80",,"76"
"KSM00047108","SEOUL CITY, KS","37.567","126.967","87.0","2023-06-29",,"75",,
"KSM00047108","SEOUL CITY, KS","37.567","126.967","87.0","2023-06-30",,"78",,"74"
"KSM00047108","SEOUL CITY, KS","37.567","126.967","87.0","2023-07-01",,"82",,"74"
"KSM00047108","SEOUL CITY, KS","37.567","126.967","87.0","2023-07-02",,"80",,"74"
"KSM00047108","SEOUL CITY, KS","37.567","126.967","87.0","2023-07-03",,"85",,"75"
"KSM00047108","SEOUL CITY, KS","37.567","126.967","87.0","2023-07-04",,"77",,
"KSM00047108","SEOUL CITY, KS","37.567","126.967","87.0","2023-07-05",,"76",,"72"
"KSM00047108","SEOUL CITY, KS","37.567","126.967","87.0","2023-07-06",,"82","89","72"
"KSM00047108","SEOUL CITY, KS","37.567","126.967","87.0","2023-07-07",,"80",,
"KSM00047108","SEOUL CITY, KS","37.567","126.967","87.0","2023-07-08",,"80",,"72"
"KSM00047108","SEOUL CITY, KS","37.567","126.967","87.0","2023-07-09",,"76",,
"KSM00047108","SEOUL CITY, KS","37.567","126.967","87.0","2023-07-10",,"80",,"73"
"KSM00047108","SEOUL CITY, KS","37.567","126.967","87.0","2023-07-11",,"73",,
"KSM00047108","SEOUL CITY, KS","37.567","126.967","87.0","2023-07-12",,"80",,"72"
"KSM00047108","SEOUL CITY, KS","37.567","126.967","87.0","2023-07-13",,"77",,
"KSM00047108","SEOUL CITY, KS","37.567","126.967","87.0","2023-07-14",,"76",,"75"
"KSM00047108","SEOUL CITY, KS","37.567","126.967","87.0","2023-07-15",,"76",,
"KSM00047108","SEOUL CITY, KS","37.567","126.967","87.0","2023-07-16",,"76",,"75"
"KSM00047108","SEOUL CITY, KS","37.567","126.967","87.0","2023-07-17",,"78",,"75"
"KSM00047108","SEOUL CITY, KS","37.567","126.967","87.0","2023-07-18",,"77",,
"KSM00047108","SEOUL CITY, KS","37.567","126.967","87.0","2023-07-19",,"81",,"72"
"KSM00047108","SEOUL CITY, KS","37.567","126.967","87.0","2023-07-20",,"83","91","75"
"KSM00047108","SEOUL CITY, KS","37.567","126.967","87.0","2023-07-21",,"86",,"76"
"KSM00047108","SEOUL CITY, KS","37.567","126.967","87.0","2023-07-22",,"80",,
"KSM00047108","SEOUL CITY, KS","37.567","126.967","87.0","2023-07-23",,"77",,"76"
"KSM00047108","SEOUL CITY, KS","37.567","126.967","87.0","2023-07-24",,"81",,"76"
"KSM00047108","SEOUL CITY, KS","37.567","126.967","87.0","2023-07-25",,"82",,
"KSM00047108","SEOUL CITY, KS","37.567","126.967","87.0","2023-07-26",,"81",,
"KSM00047108","SEOUL CITY, KS","37.567","126.967","87.0","2023-07-27",,"84",,"76"
"KSM00047108","SEOUL CITY, KS","37.567","126.967","87.0","2023-07-28",,"85",,"78"
"KSM00047108","SEOUL CITY, KS","37.567","126.967","87.0","2023-07-29",,"84",,
"KSM00047108","SEOUL CITY, KS","37.567","126.967","87.0","2023-07-30",,"83",,"77"
"KSM00047108","SEOUL CITY, KS","37.567","126.967","87.0","2023-07-31",,"84",,
"KSM00047108","SEOUL CITY, KS","37.567","126.967","87.0","2023-08-01",,"87",,"78"
"KSM00047108","SEOUL CITY, KS","37.567","126.967","87.0","2023-08-02",,"85",,
"KSM00047108","SEOUL CITY, KS","37.567","126.967","87.0","2023-08-03",,"85",,"78"
"KSM00047108","SEOUL CITY, KS","37.567","126.967","87.0","2023-08-04",,"86",,"80"
"KSM00047108","SEOUL CITY, KS","37.567","126.967","87.0","2023-08-05",,"87",,"80"
"KSM00047108","SEOUL CITY, KS","37.567","126.967","87.0","2023-08-06",,"85",,
"KSM00047108","SEOUL CITY, KS","37.567","126.967","87.0","2023-08-07",,"87",,
"KSM00047108","SEOUL CITY, KS","37.567","126.967","87.0","2023-08-08",,"88",,
"KSM00047108","SEOUL CITY, KS","37.567","126.967","87.0","2023-08-09",,"81",,
"KSM00047108","SEOUL CITY, KS","37.567","126.967","87.0","2023-08-10",,"71","77",
"KSM00047108","SEOUL CITY, KS","37.567","126.967","87.0","2023-08-11",,"75",,"71"
"KSM00047108","SEOUL CITY, KS","37.567","126.967","87.0","2023-08-12",,"74",,
"KSM00047108","SEOUL CITY, KS","37.567","126.967","87.0","2023-08-13",,"82",,"73"
"KSM00047108","SEOUL CITY, KS","37.567","126.967","87.0","2023-08-14",,"82",,
"KSM00047108","SEOUL CITY, KS","37.567","126.967","87.0","2023-08-15",,"83",,"76"
"KSM00047108","SEOUL CITY, KS","37.567","126.967","87.0","2023-08-16",,"81",,
"KSM00047108","SEOUL CITY, KS","37.567","126.967","87.0","2023-08-17",,"83",,"76"
"KSM00047108","SEOUL CITY, KS","37.567","126.967","87.0","2023-08-18","0.00","85",,"78"
"KSM00047108","SEOUL CITY, KS","37.567","126.967","87.0","2023-08-19",,"84",,
"KSM00047108","SEOUL CITY, KS","37.567","126.967","87.0","2023-08-20","0.00","83",,"78"
"KSM00047108","SEOUL CITY, KS","37.567","126.967","87.0","2023-08-21","0.00","86",,"79"
"KSM00047108","SEOUL CITY, KS","37.567","126.967","87.0","2023-08-22","1.68","81",,
"KSM00047108","SEOUL CITY, KS","37.567","126.967","87.0","2023-08-23","1.85","75",,
"KSM00047108","SEOUL CITY, KS","37.567","126.967","87.0","2023-08-24","0.02","78",,"72"
"KSM00047108","SEOUL CITY, KS","37.567","126.967","87.0","2023-08-25","0.00","80",,
"KSM00047108","SEOUL CITY, KS","37.567","126.967","87.0","2023-08-26",,"79",,
"KSM00047108","SEOUL CITY, KS","37.567","126.967","87.0","2023-08-27","0.15","79",,
"KSM00047108","SEOUL CITY, KS","37.567","126.967","87.0","2023-08-28","0.36","74",,
"KSM00047108","SEOUL CITY, KS","37.567","126.967","87.0","2023-08-29","2.06","74",,
"KSM00047108","SEOUL CITY, KS","37.567","126.967","87.0","2023-08-30","0.13","72",,
"KSM00047108","SEOUL CITY, KS","37.567","126.967","87.0","2023-08-31","0.00","75",,
"KSM00047108","SEOUL CITY, KS","37.567","126.967","87.0","2023-09-01",,"76",,"67"
"KSM00047108","SEOUL CITY, KS","37.567","126.967","87.0","2023-09-02","0.00","79",,"67"
"KSM00047108","SEOUL CITY, KS","37.567","126.967","87.0","2023-09-03","0.01","79",,"74"
"KSM00047108","SEOUL CITY, KS","37.567","126.967","87.0","2023-09-04","0.00","81",,"76"
"KSM00047108","SEOUL CITY, KS","37.567","126.967","87.0","2023-09-05","0.00","83",,
"KSM00047108","SEOUL CITY, KS","37.567","126.967","87.0","2023-09-06",,"81",,
"KSM00047108","SEOUL CITY, KS","37.567","126.967","87.0","2023-09-07",,"79",,
"KSM00047108","SEOUL CITY, KS","37.567","126.967","87.0","2023-09-08",,"78",,"67"
"KSM00047108","SEOUL CITY, KS","37.567","126.967","87.0","2023-09-09",,"79",,"69"
"KSM00047108","SEOUL CITY, KS","37.567","126.967","87.0","2023-09-10",,"78",,"72"
"KSM00047108","SEOUL CITY, KS","37.567","126.967","87.0","2023-09-11",,"77",,
"KSM00047108","SEOUL CITY, KS","37.567","126.967","87.0","2023-09-12",,"78",,"71"
"KSM00047108","SEOUL CITY, KS","37.567","126.967","87.0","2023-09-13","0.63","70",,
"KSM00047108","SEOUL CITY, KS","37.567","126.967","87.0","2023-09-14","0.07","75",,"67"
"KSM00047108","SEOUL CITY, KS","37.567","126.967","87.0","2023-09-15","0.03","73",,"69"
"KSM00047108","SEOUL CITY, KS","37.567","126.967","87.0","2023-09-16","1.63","75",,"72"
"KSM00047108","SEOUL CITY, KS","37.567","126.967","87.0","2023-09-17","0.12","76",,"72"
"KSM00047108","SEOUL CITY, KS","37.567","126.967","87.0","2023-09-18","0.00","76",,
"KSM00047108","SEOUL CITY, KS","37.567","126.967","87.0","2023-09-19",,"78",,"71"
"KSM00047108","SEOUL CITY, KS","37.567","126.967","87.0","2023-09-20","1.33","67",,
"KSM00047108","SEOUL CITY, KS","37.567","126.967","87.0","2023-09-21","0.00","67",,
"KSM00047108","SEOUL CITY, KS","37.567","126.967","87.0","2023-09-22",,"69",,"59"
"KSM00047108","SEOUL CITY, KS","37.567","126.967","87.0","2023-09-23",,"72",,"61"
"KSM00047108","SEOUL CITY, KS","37.567","126.967","87.0","2023-09-24","0.01","71",,"64"
"KSM00047108","SEOUL CITY, KS","37.567","126.967","87.0","2023-09-25","0.68","71",,"64"
"KSM00047108","SEOUL CITY, KS","37.567","126.967","87.0","2023-09-26","0.64","69",,"65"
"KSM00047108","SEOUL CITY, KS","37.567","126.967","87.0","2023-09-27","0.01","71",,
"KSM00047108","SEOUL CITY, KS","37.567","126.967","87.0","2023-09-28","0.00","72",,
"KSM00047108","SEOUL CITY, KS","37.567","126.967","87.0","2023-09-29","0.01","70",,"63"
"KSM00047108","SEOUL CITY, KS","37.567","126.967","87.0","2023-09-30","0.17","65",,
"KSM00047108","SEOUL CITY, KS","37.567","126.967","87.0","2023-10-01","0.15","64",,
"KSM00047108","SEOUL CITY, KS","37.567","126.967","87.0","2023-10-02","0.00","65",,"55"
"KSM00047108","SEOUL CITY, KS","37.567","126.967","87.0","2023-10-03",,"63",,
"KSM00047108","SEOUL CITY, KS","37.567","126.967","87.0","2023-10-04","0.58","61",,
"KSM00047108","SEOUL CITY, KS","37.567","126.967","87.0","2023-10-05","0.18","58",,
"KSM00047108","SEOUL CITY, KS","37.567","126.967","87.0","2023-10-06","0.00","61",,"49"
"KSM00047108","SEOUL CITY, KS","37.567","126.967","87.0","2023-10-07",,"64",,"53"
"KSM00047108","SEOUL CITY, KS","37.567","126.967","87.0","2023-10-08","0.00","63",,"59"
"KSM00047108","SEOUL CITY, KS","37.567","126.967","87.0","2023-10-09","0.04","62",,
"KSM00047108","SEOUL CITY, KS","37.567","126.967","87.0","2023-10-10","0.03","64",,"53"
"KSM00047108","SEOUL CITY, KS","37.567","126.967","87.0","2023-10-11","0.00","63",,
"KSM00047108","SEOUL CITY, KS","37.567","126.967","87.0","2023-10-12",,"65",,"54"
"KSM00047108","SEOUL CITY, KS","37.567","126.967","87.0","2023-10-13","0.01","63",,
"KSM00047108","SEOUL CITY, KS","37.567","126.967","87.0","2023-10-14","0.22","57",,
"KSM00047108","SEOUL CITY, KS","37.567","126.967","87.0","2023-10-15","0.03","62",,"52"
"KSM00047108","SEOUL CITY, KS","37.567","126.967","87.0","2023-10-16","0.00","56",,
"KSM00047108","SEOUL CITY, KS","37.567","126.967","87.0","2023-10-17",,"58",,"45"
"KSM00047108","SEOUL CITY, KS","37.567","126.967","87.0","2023-10-18","0.30","64",,"49"
"KSM00047108","SEOUL CITY, KS","37.567","126.967","87.0","2023-10-19","0.03","60",,
"KSM00047108","SEOUL CITY, KS","37.567","126.967","87.0","2023-10-20","0.00","50",,
"KSM00047108","SEOUL CITY, KS","37.567","126.967","87.0","2023-10-21","0.04","51",,
"KSM00047108","SEOUL CITY, KS","37.567","126.967","87.0","2023-10-22","0.00","57",,"42"
"KSM00047108","SEOUL CITY, KS","37.567","126.967","87.0","2023-10-23",,"60",,"52"
"KSM00047108","SEOUL CITY, KS","37.567","126.967","87.0","2023-10-24",,"60",,"52"
"KSM00047108","SEOUL CITY, KS","37.567","126.967","87.0","2023-10-25",,"63",,"55"
"KSM00047108","SEOUL CITY, KS","37.567","126.967","87.0","2023-10-26","0.00","62",,
"KSM00047108","SEOUL CITY, KS","37.567","126.967","87.0","2023-10-27","0.00","58",,
"KSM00047108","SEOUL CITY, KS","37.567","126.967","87.0","2023-10-28",,"57",,"49"
"KSM00047108","SEOUL CITY, KS","37.567","126.967","87.0","2023-10-29",,"59",,
"KSM00047108","SEOUL CITY, KS","37.567","126.967","87.0","2023-10-30",,"60",,"49"
"KSM00047108","SEOUL CITY, KS","37.567","126.967","87.0","2023-10-31",,"64",,"55"
"KSM00047108","SEOUL CITY, KS","37.567","126.967","87.0","2023-11-01",,"67","69","63"
"KSM00047108","SEOUL CITY, KS","37.567","126.967","87.0","2023-11-02",,"69",,
"KSM00047108","SEOUL CITY, KS","37.567","126.967","87.0","2023-11-03",,"65",,
"KSM00047108","SEOUL CITY, KS","37.567","126.967","87.0","2023-11-04",,"63",,"57"
"KSM00047108","SEOUL CITY, KS","37.567","126.967","87.0","2023-11-05",,"65",,"59"
"KSM00047108","SEOUL CITY, KS","37.567","126.967","87.0","2023-11-06",,"50",,
"KSM00047108","SEOUL CITY, KS","37.567","126.967","87.0","2023-11-07",,"41",,
"KSM00047108","SEOUL CITY, KS","37.567","126.967","87.0","2023-11-08",,"49",,"35"
"KSM00047108","SEOUL CITY, KS","37.567","126.967","87.0","2023-11-09",,"51",,
"KSM00047108","SEOUL CITY, KS","37.567","126.967","87.0","2023-11-10",,"36",,
"KSM00047108","SEOUL CITY, KS","37.567","126.967","87.0","2023-11-11",,"35",,"29"
"KSM00047108","SEOUL CITY, KS","37.567","126.967","87.0","2023-11-12",,"34",,"28"
"KSM00047108","SEOUL CITY, KS","37.567","126.967","87.0","2023-11-13",,"36",,"28"
"KSM00047108","SEOUL CITY, KS","37.567","126.967","87.0","2023-11-14",,"43",,"31"
"KSM00047108","SEOUL CITY, KS","37.567","126.967","87.0","2023-11-15",,"47",,"36"
"KSM00047108","SEOUL CITY, KS","37.567","126.967","87.0","2023-11-16",,"42",,
"KSM00047108","SEOUL CITY, KS","37.567","126.967","87.0","2023-11-17",,"32",,
"KSM00047108","SEOUL CITY, KS","37.567","126.967","87.0","2023-11-18",,"35",,"25"
"KSM00047108","SEOUL CITY, KS","37.567","126.967","87.0","2023-11-19",,"44",,"31"
"KSM00047108","SEOUL CITY, KS","37.567","126.967","87.0","2023-11-20",,"43",,
"KSM00047108","SEOUL CITY, KS","37.567","126.967","87.0","2023-11-21",,"46",,"35"
"KSM00047108","SEOUL CITY, KS","37.567","126.967","87.0","2023-11-22",,"53",,"37"
"KSM00047108","SEOUL CITY, KS","37.567","126.967","87.0","2023-11-23",,"42",,
"KSM00047108","SEOUL CITY, KS","37.567","126.967","87.0","2023-11-24",,"27",,
"KSM00047108","SEOUL CITY, KS","37.567","126.967","87.0","2023-11-25",,"33",,"21"
"KSM00047108","SEOUL CITY, KS","37.567","126.967","87.0","2023-11-26",,"42",,"32"
"KSM00047108","SEOUL CITY, KS","37.567","126.967","87.0","2023-11-27",,"41",,
"KSM00047108","SEOUL CITY, KS","37.567","126.967","87.0","2023-11-28",,"32",,
"KSM00047108","SEOUL CITY, KS","37.567","126.967","87.0","2023-11-29",,"28",,
"KSM00047108","SEOUL CITY, KS","37.567","126.967","87.0","2023-11-30",,"24",,"19"
"KSM00047108","SEOUL CITY, KS","37.567","126.967","87.0","2023-12-01",,"28",,"20"
"KSM00047108","SEOUL CITY, KS","37.567","126.967","87.0","2023-12-02",,"36",,"24"
"KSM00047108","SEOUL CITY, KS","37.567","126.967","87.0","2023-12-03",,"33",,
"KSM00047108","SEOUL CITY, KS","37.567","126.967","87.0","2023-12-04",,"40",,"27"
"KSM00047108","SEOUL CITY, KS","37.567","126.967","87.0","2023-12-05",,"44",,"39"
"KSM00047108","SEOUL CITY, KS","37.567","126.967","87.0","2023-12-06",,"42",,
"KSM00047108","SEOUL CITY, KS","37.567","126.967","87.0","2023-12-07",,"46",,"33"
"KSM00047108","SEOUL CITY, KS","37.567","126.967","87.0","2023-12-08",,"56",,"41"
"KSM00047108","SEOUL CITY, KS","37.567","126.967","87.0","2023-12-09",,"55",,
"KSM00047108","SEOUL CITY, KS","37.567","126.967","87.0","2023-12-10",,"54",,"44"
"KSM00047108","SEOUL CITY, KS","37.567","126.967","87.0","2023-12-11",,"44",,
"KSM00047108","SEOUL CITY, KS","37.567","126.967","87.0","2023-12-12",,"41",,
"KSM00047108","SEOUL CITY, KS","37.567","126.967","87.0","2023-12-13",,"48",,"37"
"KSM00047108","SEOUL CITY, KS","37.567","126.967","87.0","2023-12-14",,"44",,
"KSM00047108","SEOUL CITY, KS","37.567","126.967","87.0","2023-12-15",,"38",,
"KSM00047108","SEOUL CITY, KS","37.567","126.967","87.0","2023-12-16",,"19",,
"KSM00047108","SEOUL CITY, KS","37.567","126.967","87.0","2023-12-17",,"14",,"10"
"KSM00047108","SEOUL CITY, KS","37.567","126.967","87.0","2023-12-18",,"20",,"10"
"KSM00047108","SEOUL CITY, KS","37.567","126.967","87.0","2023-12-19",,"26",,"17"
"KSM00047108","SEOUL CITY, KS","37.567","126.967","87.0","2023-12-20",,"15",,
"KSM00047108","SEOUL CITY, KS","37.567","126.967","87.0","2023-12-21",,"11",,
"KSM00047108","SEOUL CITY, KS","37.567","126.967","87.0","2023-12-22",,"12",,"6"
"KSM00047108","SEOUL CITY, KS","37.567","126.967","87.0","2023-12-23",,"24",,"9"
"KSM00047108","SEOUL CITY, KS","37.567","126.967","87.0","2023-12-24",,"30",,"22"
"KSM00047108","SEOUL CITY, KS","37.567","126.967","87.0","2023-12-25",,"31",,
"KSM00047108","SEOUL CITY, KS","37.567","126.967","87.0","2023-12-26",,"35",,
"KSM00047108","SEOUL CITY, KS","37.567","126.967","87.0","2023-12-27",,"35",,"27"
"KSM00047108","SEOUL CITY, KS","37.567","126.967","87.0","2023-12-28",,"35",,"29"
"KSM00047108","SEOUL CITY, KS","37.567","126.967","87.0","2023-12-29",,"35",,"29"
"KSM00047108","SEOUL CITY, KS","37.567","126.967","87.0","2023-12-30",,"35",,"30"
"KSM00047108","SEOUL CITY, KS","37.567","126.967","87.0","2023-12-31",,"35",,
"KSM00047108","SEOUL CITY, KS","37.567","126.967","87.0","2024-01-01",,"39",,"31"
"KSM00047108","SEOUL CITY, KS","37.567","126.967","87.0","2024-01-02",,"37",,
"KSM00047108","SEOUL CITY, KS","37.567","126.967","87.0","2024-01-03",,"33",,
"KSM00047108","SEOUL CITY, KS","37.567","126.967","87.0","2024-01-04",,"38",,"26"
"KSM00047108","SEOUL CITY, KS","37.567","126.967","87.0","2024-01-05",,"38",,
"KSM00047108","SEOUL CITY, KS","37.567","126.967","87.0","2024-01-06",,"32",,
"KSM00047108","SEOUL CITY, KS","37.567","126.967","87.0","2024-01-07",,"21",,
"KSM00047108","SEOUL CITY, KS","37.567","126.967","87.0","2024-01-08",,"28",,"13"
"KSM00047108","SEOUL CITY, KS","37.567","126.967","87.0","2024-01-09",,"30",,
"KSM00047108","SEOUL CITY, KS","37.567","126.967","87.0","2024-01-10",,"31",,"25"
"KSM00047108","SEOUL CITY, KS","37.567","126.967","87.0","2024-01-11",,"36",,"28"
"KSM00047108","SEOUL CITY, KS","37.567","126.967","87.0","2024-01-12",,"32",,
"KSM00047108","SEOUL CITY, KS","37.567","126.967","87.0","2024-01-13",,"33",,"25"
"KSM00047108","SEOUL CITY, KS","37.567","126.967","87.0","2024-01-14",,"29",,
"KSM00047108","SEOUL CITY, KS","37.567","126.967","87.0","2024-01-15",,"25",,
"KSM00047108","SEOUL CITY, KS","37.567","126.967","87.0","2024-01-16",,"31",,"19"
"KSM00047108","SEOUL CITY, KS","37.567","126.967","87.0","2024-01-17",,"34",,"28"
"KSM00047108","SEOUL CITY, KS","37.567","126.967","87.0","2024-01-18",,"42",,"35"
"KSM00047108","SEOUL CITY, KS","37.567","126.967","87.0","2024-01-19",,"41",,
"KSM00047108","SEOUL CITY, KS","37.567","126.967","87.0","2024-01-20",,"37","41",
"KSM00047108","SEOUL CITY, KS","37.567","126.967","87.0","2024-01-21",,"30",,
"KSM00047108","SEOUL CITY, KS","37.567","126.967","87.0","2024-01-22",,"13",,
"KSM00047108","SEOUL CITY, KS","37.567","126.967","87.0","2024-01-23",,"13",,"7"
"KSM00047108","SEOUL CITY, KS","37.567","126.967","87.0","2024-01-24",,"18",,"12"
"KSM00047108","SEOUL CITY, KS","37.567","126.967","87.0","2024-01-25",,"24","31","15"
"KSM00047108","SEOUL CITY, KS","37.567","126.967","87.0","2024-01-26",,"31",,"20"
"KSM00047108","SEOUL CITY, KS","37.567","126.967","87.0","2024-01-27",,"31",,
"KSM00047108","SEOUL CITY, KS","37.567","126.967","87.0","2024-01-28",,"30",,"23"
"KSM00047108","SEOUL CITY, KS","37.567","126.967","87.0","2024-01-29",,"32",,"23"
"KSM00047108","SEOUL CITY, KS","37.567","126.967","87.0","2024-01-30",,"37",,"25"
"KSM00047108","SEOUL CITY, KS","37.567","126.967","87.0","2024-01-31",,"40",,
"KSM00047108","SEOUL CITY, KS","37.567","126.967","87.0","2024-02-01",,"37",,"30"
"KSM00047108","SEOUL CITY, KS","37.567","126.967","87.0","2024-02-02",,"37",,
"KSM00047108","SEOUL CITY, KS","37.567","126.967","87.0","2024-02-03",,"42",,"32"
"KSM00047108","SEOUL CITY, KS","37.567","126.967","87.0","2024-02-04",,"45",,
"KSM00047108","SEOUL CITY, KS","37.567","126.967","87.0","2024-02-05",,"35",,
"KSM00047108","SEOUL CITY, KS","37.567","126.967","87.0","2024-02-06",,"34",,
"KSM00047108","SEOUL CITY, KS","37.567","126.967","87.0","2024-02-07",,"32",,
"KSM00047108","SEOUL CITY, KS","37.567","126.967","87.0","2024-02-08",,"33","43","27"
"KSM00047108","SEOUL CITY, KS","37.567","126.967","87.0","2024-02-09",,"35",,"27"
"KSM00047108","SEOUL CITY, KS","37.567","126.967","87.0","2024-02-10",,"35",,
"KSM00047108","SEOUL CITY, KS","37.567","126.967","87.0","2024-02-11",,"34",,"26"
"KSM00047108","SEOUL CITY, KS","37.567","126.967","87.0","2024-02-12",,"41",,"27"
"KSM00047108","SEOUL CITY, KS","37.567","126.967","87.0","2024-02-13",,"50",,"36"
"KSM00047108","SEOUL CITY, KS","37.567","126.967","87.0","2024-02-14",,"55",,
"KSM00047108","SEOUL CITY, KS","37.567","126.967","87.0","2024-02-15",,"35",,
"KSM00047108","SEOUL CITY, KS","37.567","126.967","87.0","2024-02-16",,"36",,"29"
"KSM00047108","SEOUL CITY, KS","37.567","126.967","87.0","2024-02-17",,"41","53","30"
"KSM00047108","SEOUL CITY, KS","37.567","126.967","87.0","2024-02-18",,"47",,"34"
"KSM00047108","SEOUL CITY, KS","37.567","126.967","87.0","2024-02-19",,"45",,
"KSM00047108","SEOUL CITY, KS","37.567","126.967","87.0","2024-02-20",,"40",,
"KSM00047108","SEOUL CITY, KS","37.567","126.967","87.0","2024-02-21",,"33",,
"KSM00047108","SEOUL CITY, KS","37.567","126.967","87.0","2024-02-22",,"32",,"30"
"KSM00047108","SEOUL CITY, KS","37.567","126.967","87.0","2024-02-23",,"35",,
"KSM00047108","SEOUL CITY, KS","37.567","126.967","87.0","2024-02-24",,"36",,"30"
"KSM00047108","SEOUL CITY, KS","37.567","126.967","87.0","2024-02-25",,"36",,
"KSM00047108","SEOUL CITY, KS","37.567","126.967","87.0","2024-02-26",,"40",,"30"
"KSM00047108","SEOUL CITY, KS","37.567","126.967","87.0","2024-02-27",,"43",,"34"
"KSM00047108","SEOUL CITY, KS","37.567","126.967","87.0","2024-02-28",,"44",,
"KSM00047108","SEOUL CITY, KS","37.567","126.967","87.0","2024-02-29",,"37",,
"KSM00047108","SEOUL CITY, KS","37.567","126.967","87.0","2024-03-01",,"22",,
"KSM00047108","SEOUL CITY, KS","37.567","126.967","87.0","2024-03-02",,"36",,"17"
"KSM00047108","SEOUL CITY, KS","37.567","126.967","87.0","2024-03-03",,"38",,
"KSM00047108","SEOUL CITY, KS","37.567","126.967","87.0","2024-03-04",,"45",,"29"
"KSM00047108","SEOUL CITY, KS","37.567","126.967","87.0","2024-03-05",,"44",,
"KSM00047108","SEOUL CITY, KS","37.567","126.967","87.0","2024-03-06",,"43",,"36"
"KSM00047108","SEOUL CITY, KS","37.567","126.967","87.0","2024-03-07",,"38",,
"KSM00047108","SEOUL CITY, KS","37.567","126.967","87.0","2024-03-08",,"35",,
"KSM00047108","SEOUL CITY, KS","37.567","126.967","87.0","2024-03-09",,"36",,"28"
"KSM00047108","SEOUL CITY, KS","37.567","126.967","87.0","2024-03-10",,"41",,"29"
"KSM00047108","SEOUL CITY, KS","37.567","126.967","87.0","2024-03-11",,"45",,"36"
"KSM00047108","SEOUL CITY, KS","37.567","126.967","87.0","2024-03-12",,"42",,
"KSM00047108","SEOUL CITY, KS","37.567","126.967","87.0","2024-03-13",,"44",,"34"
"KSM00047108","SEOUL CITY, KS","37.567","126.967","87.0","2024-03-14",,"48",,"38"
"KSM00047108","SEOUL CITY, KS","37.567","126.967","87.0","2024-03-15",,"48",,"39"
"KSM00047108","SEOUL CITY, KS","37.567","126.967","87.0","2024-03-16",,"54","65","40"
"KSM00047108","SEOUL CITY, KS","37.567","126.967","87.0","2024-03-17",,"45",,
"KSM00047108","SEOUL CITY, KS","37.567","126.967","87.0","2024-03-18",,"46",,"35"
"KSM00047108","SEOUL CITY, KS","37.567","126.967","87.0","2024-03-19",,"42","50",
"KSM00047108","SEOUL CITY, KS","37.567","126.967","87.0","2024-03-20",,"39","48",
"KSM00047108","SEOUL CITY, KS","37.567","126.967","87.0","2024-03-21",,"44",,"30"
"KSM00047108","SEOUL CITY, KS","37.567","126.967","87.0","2024-03-22",,"54",,"39"
"KSM00047108","SEOUL CITY, KS","37.567","126.967","87.0","2024-03-23",,"56",,"49"
"KSM00047108","SEOUL CITY, KS","37.567","126.967","87.0","2024-03-24",,"62",,"51"
"KSM00047108","SEOUL CITY, KS","37.567","126.967","87.0","2024-03-25",,"47",,
"KSM00047108","SEOUL CITY, KS","37.567","126.967","87.0","2024-03-26",,"47",,"38"
"KSM00047108","SEOUL CITY, KS","37.567","126.967","87.0","2024-03-27",,"55",,
"KSM00047108","SEOUL CITY, KS","37.567","126.967","87.0","2024-04-01",,"46",,
"KSM00047108","SEOUL CITY, KS","37.567","126.967","87.0","2024-04-02",,"62",,"45"
"KSM00047108","SEOUL CITY, KS","37.567","126.967","87.0","2024-04-03",,"61",,
"KSM00047108","SEOUL CITY, KS","37.567","126.967","87.0","2024-04-04",,"60",,
"KSM00047108","SEOUL CITY, KS","37.567","126.967","87.0","2024-04-05",,"55",,
"KSM00047108","SEOUL CITY, KS","37.567","126.967","87.0","2024-04-06",,"55",,
"KSM00047108","SEOUL CITY, KS","37.567","126.967","87.0","2024-04-07",,"60","74","46"
"KSM00047108","SEOUL CITY, KS","37.567","126.967","87.0","2024-04-08",,"61",,
"KSM00047108","SEOUL CITY, KS","37.567","126.967","87.0","2024-04-09",,"59",,
"KSM00047108","SEOUL CITY, KS","37.567","126.967","87.0","2024-04-10",,"57",,"50"
"KSM00047108","SEOUL CITY, KS","37.567","126.967","87.0","2024-04-11",,"60",,"53"
"KSM00047108","SEOUL CITY, KS","37.567","126.967","87.0","2024-04-12",,"63",,
"KSM00047108","SEOUL CITY, KS","37.567","126.967","87.0","2024-04-13",,"68",,"52"
"KSM00047108","SEOUL CITY, KS","37.567","126.967","87.0","2024-04-14",,"72",,"56"
"KSM00047108","SEOUL CITY, KS","37.567","126.967","87.0","2024-04-15",,"57",,
"KSM00047108","SEOUL CITY, KS","37.567","126.967","87.0","2024-04-16",,"55",,
"KSM00047108","SEOUL CITY, KS","37.567","126.967","87.0","2024-04-17",,"60",,"49"
"KSM00047108","SEOUL CITY, KS","37.567","126.967","87.0","2024-04-18",,"63",,"51"
"KSM00047108","SEOUL CITY, KS","37.567","126.967","87.0","2024-04-19",,"65",,"53"
"KSM00047108","SEOUL CITY, KS","37.567","126.967","87.0","2024-04-20",,"58",,
"KSM00047108","SEOUL CITY, KS","37.567","126.967","87.0","2024-04-21",,"63",,"56"
"KSM00047108","SEOUL CITY, KS","37.567","126.967","87.0","2024-04-22",,"65","75",
"KSM00047108","SEOUL CITY, KS","37.567","126.967","87.0","2024-04-23",,"62",,
"KSM00047108","SEOUL CITY, KS","37.567","126.967","87.0","2024-04-24",,"55",,
"KSM00047108","SEOUL CITY, KS","37.567","126.967","87.0","2024-04-25",,"59",,"51"
"KSM00047108","SEOUL CITY, KS","37.567","126.967","87.0","2024-04-26",,"64",,"53"
"KSM00047108","SEOUL CITY, KS","37.567","126.967","87.0","2024-04-27",,"65",,"53"
"KSM00047108","SEOUL CITY, KS","37.567","126.967","87.0","2024-04-28",,"71",,"55"
"KSM00047108","SEOUL CITY, KS","37.567","126.967","87.0","2024-04-29",,"69",,
"KSM00047108","SEOUL CITY, KS","37.567","126.967","87.0","2024-04-30",,"64",,
"KSM00047108","SEOUL CITY, KS","37.567","126.967","87.0","2024-05-02",,"64",,
"KSM00047108","SEOUL CITY, KS","37.567","126.967","87.0","2024-05-03",,"69",,"54"
"KSM00047108","SEOUL CITY, KS","37.567","126.967","87.0","2024-05-04",,"72",,"58"
"KSM00047108","SEOUL CITY, KS","37.567","126.967","87.0","2024-05-05",,"62",,
"KSM00047108","SEOUL CITY, KS","37.567","126.967","87.0","2024-05-06",,"56",,
"KSM00047108","SEOUL CITY, KS","37.567","126.967","87.0","2024-05-07",,"55",,
"KSM00047108","SEOUL CITY, KS","37.567","126.967","87.0","2024-05-08",,"60",,"48"
"KSM00047108","SEOUL CITY, KS","37.567","126.967","87.0","2024-05-09",,"62",,"52"
"KSM00047108","SEOUL CITY, KS","37.567","126.967","87.0","2024-05-10",,"65",,"54"
"KSM00047108","SEOUL CITY, KS","37.567","126.967","87.0","2024-05-11",,"61",,
"KSM00047108","SEOUL CITY, KS","37.567","126.967","87.0","2024-05-12",,"62",,"53"
"KSM00047108","SEOUL CITY, KS","37.567","126.967","87.0","2024-05-13",,"65",,"53"
"KSM00047108","SEOUL CITY, KS","37.567","126.967","87.0","2024-05-14",,"66",,"55"
"KSM00047108","SEOUL CITY, KS","37.567","126.967","87.0","2024-05-15",,"51",,
"KSM00047108","SEOUL CITY, KS","37.567","126.967","87.0","2024-05-16",,"59",,"44"
"KSM00047108","SEOUL CITY, KS","37.567","126.967","87.0","2024-05-17",,"67",,"51"
"KSM00047108","SEOUL CITY, KS","37.567","126.967","87.0","2024-05-18",,"69",,
"KSM00047108","SEOUL CITY, KS","37.567","126.967","87.0","2024-05-19",,"71",,"61"
"KSM00047108","SEOUL CITY, KS","37.567","126.967","87.0","2024-05-20",,"67",,
"KSM00047108","SEOUL CITY, KS","37.567","126.967","87.0","2024-05-21",,"71",,"61"
"KSM00047108","SEOUL CITY, KS","37.567","126.967","87.0","2024-05-22",,"69",,
"KSM00047108","SEOUL CITY, KS","37.567","126.967","87.0","2024-05-23",,"68",,
"KSM00047108","SEOUL CITY, KS","37.567","126.967","87.0","2024-05-24",,"70",,"60"
"KSM00047108","SEOUL CITY, KS","37.567","126.967","87.0","2024-05-25",,"71",,"66"
"KSM00047108","SEOUL CITY, KS","37.567","126.967","87.0","2024-05-26",,"65","75",
"KSM00047108","SEOUL CITY, KS","37.567","126.967","87.0","2024-05-27","0.09","65",,"57"
"KSM00047108","SEOUL CITY, KS","37.567","126.967","87.0","2024-05-28","0.00","69",,"58"
"KSM00047108","SEOUL CITY, KS","37.567","126.967","87.0","2024-05-29",,"70",,"60"
"KSM00047108","SEOUL CITY, KS","37.567","126.967","87.0","2024-05-30",,"70",,"61"
"KSM00047108","SEOUL CITY, KS","37.567","126.967","87.0","2024-05-31","0.04","68",,"62"
"KSM00047108","SEOUL CITY, KS","37.567","126.967","87.0","2024-06-01","0.00","68",,
"KSM00047108","SEOUL CITY, KS","37.567","126.967","87.0","2024-06-02",,"69",,"60"
"KSM00047108","SEOUL CITY, KS","37.567","126.967","87.0","2024-06-03",,"73",,"60"
"KSM00047108","SEOUL CITY, KS","37.567","126.967","87.0","2024-06-04",,"74",,"61"
"KSM00047108","SEOUL CITY, KS","37.567","126.967","87.0","2024-06-05",,"75",,"65"
"KSM00047108","SEOUL CITY, KS","37.567","126.967","87.0","2024-06-06",,"75",,
"KSM00047108","SEOUL CITY, KS","37.567","126.967","87.0","2024-06-07","0.09","73",,
"KSM00047108","SEOUL CITY, KS","37.567","126.967","87.0","2024-06-08","0.61","69",,
"KSM00047108","SEOUL CITY, KS","37.567","126.967","87.0","2024-06-09","0.01","74",,"63"
"KSM00047108","SEOUL CITY, KS","37.567","126.967","87.0","2024-06-10","0.00","78",,"66"
"KSM00047108","SEOUL CITY, KS","37.567","126.967","87.0","2024-06-11",,"76",,
"KSM00047108","SEOUL CITY, KS","37.567","126.967","87.0","2024-06-12",,"77",,"67"
"KSM00047108","SEOUL CITY, KS","37.567","126.967","87.0","2024-06-13",,"80",,"68"
"KSM00047108","SEOUL CITY, KS","37.567","126.967","87.0","2024-06-14","0.22","79",,"71"
"KSM00047108","SEOUL CITY, KS","37.567","126.967","87.0","2024-06-15","0.02","75",,
"KSM00047108","SEOUL CITY, KS","37.567","126.967","87.0","2024-06-16",,"75",,
"KSM00047108","SEOUL CITY, KS","37.567","126.967","87.0","2024-06-17",,"77",,"66"
"KSM00047108","SEOUL CITY, KS","37.567","126.967","87.0","2024-06-18",,"80",,"69"
"KSM00047108","SEOUL CITY, KS","37.567","126.967","87.0","2024-06-19",,"85",,"71"
"KSM00047108","SEOUL CITY, KS","37.567","126.967","87.0","2024-06-20",,"85",,
"KSM00047108","SEOUL CITY, KS","37.567","126.967","87.0","2024-06-21",,"83",,"73"
"KSM00047108","SEOUL CITY, KS","37.567","126.967","87.0","2024-06-22","0.73","74",,
"KSM00047108","SEOUL CITY, KS","37.567","126.967","87.0","2024-06-23","0.12","77",,"72"
"KSM00047108","SEOUL CITY, KS","37.567","126.967","87.0","2024-06-24",,"74",,
"KSM00047108","SEOUL CITY, KS","37.567","126.967","87.0","2024-06-25",,"73",,
"KSM00047108","SEOUL CITY, KS","37.567","126.967","87.0","2024-06-26",,"78",,"66"
"KSM00047108","SEOUL CITY, KS","37.567","126.967","87.0","2024-06-27",,"80",,"69"
"KSM00047108","SEOUL CITY, KS","37.567","126.967","87.0","2024-06-28",,"80",,"70"
"KSM00047108","SEOUL CITY, KS","37.567","126.967","87.0","2024-06-29","2.77","80",,"71"
"KSM00047108","SEOUL CITY, KS","37.567","126.967","87.0","2024-06-30","0.00","74",,
"KSM00047108","SEOUL CITY, KS","37.567","126.967","87.0","2024-07-01","0.01","80",,"72"
"KSM00047108","SEOUL CITY, KS","37.567","126.967","87.0","2024-07-02","2.58","74",,
"KSM00047108","SEOUL CITY, KS","37.567","126.967","87.0","2024-07-03","0.03","76",,
"KSM00047108","SEOUL CITY, KS","37.567","126.967","87.0","2024-07-04","0.30","79",,
"KSM00047108","SEOUL CITY, KS","37.567","126.967","87.0","2024-07-05","0.10","74",,"70"
"KSM00047108","SEOUL CITY, KS","37.567","126.967","87.0","2024-07-06","0.01","77",,
"KSM00047108","SEOUL CITY, KS","37.567","126.967","87.0","2024-07-07","1.50","77",,"71"
"KSM00047108","SEOUL CITY, KS","37.567","126.967","87.0","2024-07-08","0.46","74",,
"KSM00047108","SEOUL CITY, KS","37.567","126.967","87.0","2024-07-09","0.07","76",,"73"
"KSM00047108","SEOUL CITY, KS","37.567","126.967","87.0","2024-07-10","0.06","80",,"73"
"KSM00047108","SEOUL CITY, KS","37.567","126.967","87.0","2024-07-11","0.00","77",,
"KSM00047108","SEOUL CITY, KS","37.567","126.967","87.0","2024-07-12",,"79",,"71"
"KSM00047108","SEOUL CITY, KS","37.567","126.967","87.0","2024-07-13",,"83",,
"KSM00047108","SEOUL CITY, KS","37.567","126.967","87.0","2024-07-14","0.02","83",,
"KSM00047108","SEOUL CITY, KS","37.567","126.967","87.0","2024-07-15",,"84",,"76"
"KSM00047108","SEOUL CITY, KS","37.567","126.967","87.0","2024-07-16","1.19","79",,
"KSM00047108","SEOUL CITY, KS","37.567","126.967","87.0","2024-07-17","5.46","78",,
"KSM00047108","SEOUL CITY, KS","37.567","126.967","87.0","2024-07-18","2.99","76",,"74"
"KSM00047108","SEOUL CITY, KS","37.567","126.967","87.0","2024-07-19","0.00","81",,"76"
"KSM00047108","SEOUL CITY, KS","37.567","126.967","87.0","2024-07-20","0.88","80",,
"KSM00047108","SEOUL CITY, KS","37.567","126.967","87.0","2024-07-21","0.49","81",,"72"
"KSM00047108","SEOUL CITY, KS","37.567","126.967","87.0","2024-07-22","2.70","80",,
"KSM00047108","SEOUL CITY, KS","37.567","126.967","87.0","2024-07-23","0.60","80",,"78"
"KSM00047108","SEOUL CITY, KS","37.567","126.967","87.0","2024-07-24","0.05","83",,"79"
"KSM00047108","SEOUL CITY, KS","37.567","126.967","87.0","2024-07-25","1.02","83",,
"KSM00047108","SEOUL CITY, KS","37.567","126.967","87.0","2024-07-26","0.19","85",,"77"
"KSM00047108","SEOUL CITY, KS","37.567","126.967","87.0","2024-07-27","1.32","84",,
"KSM00047108","SEOUL CITY, KS","37.567","126.967","87.0","2024-07-28","0.00","84",,
"KSM00047108","SEOUL CITY, KS","37.567","126.967","87.0","2024-07-29","0.00","81",,
"KSM00047108","SEOUL CITY, KS","37.567","126.967","87.0","2024-07-30","0.00","84",,"79"
"KSM00047108","SEOUL CITY, KS","37.567","126.967","87.0","2024-07-31","0.01","85",,"81"
"KSM00047108","SEOUL CITY, KS","37.567","126.967","87.0","2024-08-01",,"86",,"81"
"KSM00047108","SEOUL CITY, KS","37.567","126.967","87.0","2024-08-02",,"85",,
"KSM00047108","SEOUL CITY, KS","37.567","126.967","87.0","2024-08-03",,"87",,"81"
"KSM00047108","SEOUL CITY, KS","37.567","126.967","87.0","2024-08-04","0.02","89",,"81"
"KSM00047108","SEOUL CITY, KS","37.567","126.967","87.0","2024-08-05","0.03","85",,
"KSM00047108","SEOUL CITY, KS","37.567","126.967","87.0","2024-08-06",,"86",,"78"
"KSM00047108","SEOUL CITY, KS","37.567","126.967","87.0","2024-08-07","0.13","85",,
"KSM00047108","SEOUL CITY, KS","37.567","126.967","87.0","2024-08-08","0.00","83",,
"KSM00047108","SEOUL CITY, KS","37.567","126.967","87.0","2024-08-09","0.00","85",,"78"
"KSM00047108","SEOUL CITY, KS","37.567","126.967","87.0","2024-08-10",,"87",,"80"
"KSM00047108","SEOUL CITY, KS","37.567","126.967","87.0","2024-08-11",,"88",,"82"
"KSM00047108","SEOUL CITY, KS","37.567","126.967","87.0","2024-08-12",,"88",,"83"
"KSM00047108","SEOUL CITY, KS","37.567","126.967","87.0","2024-08-13","0.00","89",,"83"
"KSM00047108","SEOUL CITY, KS","37.567","126.967","87.0","2024-08-14","0.13","85",,
"KSM00047108","SEOUL CITY, KS","37.567","126.967","87.0","2024-08-15","0.24","85",,"80"
"KSM00047108","SEOUL CITY, KS","37.567","126.967","87.0","2024-08-16","0.00","87",,"80"
"KSM00047108","SEOUL CITY, KS","37.567","126.967","87.0","2024-08-17","0.43","85",,
"KSM00047108","SEOUL CITY, KS","37.567","126.967","87.0","2024-08-18","0.00","85",,
"KSM00047108","SEOUL CITY, KS","37.567","126.967","87.0","2024-08-19","0.09","86",,"79"
"KSM00047108","SEOUL CITY, KS","37.567","126.967","87.0","2024-08-20","1.05","89",,"81"
"KSM00047108","SEOUL CITY, KS","37.567","126.967","87.0","2024-08-21","0.61","84",,"80"
"KSM00047108","SEOUL CITY, KS","37.567","126.967","87.0","2024-08-22","0.02","83",,
"KSM00047108","SEOUL CITY, KS","37.567","126.967","87.0","2024-08-23","0.00","83",,
"KSM00047108","SEOUL CITY, KS","37.567","126.967","87.0","2024-08-24","0.08","82",,
"KSM00047108","SEOUL CITY, KS","37.567","126.967","87.0","2024-08-25","0.02","84",,"77"
"KSM00047108","SEOUL CITY, KS","37.567","126.967","87.0","2024-08-26","0.00","82",,
"KSM00047108","SEOUL CITY, KS","37.567","126.967","87.0","2024-08-27","0.01","79",,
"KSM00047108","SEOUL CITY, KS","37.567","126.967","87.0","2024-08-28",,"83",,"73"
"KSM00047108","SEOUL CITY, KS","37.567","126.967","87.0","2024-08-29",,"83",,"74"
"KSM00047108","SEOUL CITY, KS","37.567","126.967","87.0","2024-08-30",,"82",,
"KSM00047108","SEOUL CITY, KS","37.567","126.967","87.0","2024-08-31",,"82",,"73"
"KSM00047108","SEOUL CITY, KS","37.567","126.967","87.0","2024-09-01","0.11","80",,
"KSM00047108","SEOUL CITY, KS","37.567","126.967","87.0","2024-09-02","0.02","76",,"72"
"KSM00047108","SEOUL CITY, KS","37.567","126.967","87.0","2024-09-03","0.00","81",,"74"
"KSM00047108","SEOUL CITY, KS","37.567","126.967","87.0","2024-09-04",,"83",,"74"
"KSM00047108","SEOUL CITY, KS","37.567","126.967","87.0","2024-09-05","0.29","78",,
"KSM00047108","SEOUL CITY, KS","37.567","126.967","87.0","2024-09-06","0.01","74",,
"KSM00047108","SEOUL CITY, KS","37.567","126.967","87.0","2024-09-07","0.00","80",,
"KSM00047108","SEOUL CITY, KS","37.567","126.967","87.0","2024-09-08",,"82",,"73"
"KSM00047108","SEOUL CITY, KS","37.567","126.967","87.0","2024-09-09",,"84",,"75"
"KSM00047108","SEOUL CITY, KS","37.567","126.967","87.0","2024-09-10",,"85",,
"KSM00047108","SEOUL CITY, KS","37.567","126.967","87.0","2024-09-11","1.04","84",,
"KSM00047108","SEOUL CITY, KS","37.567","126.967","87.0","2024-09-12","0.29","77",,
"KSM00047108","SEOUL CITY, KS","37.567","126.967","87.0","2024-09-13","0.28","79",,"76"
"KSM00047108","SEOUL CITY, KS","37.567","126.967","87.0","2024-09-14","0.11","82",,
"KSM00047108","SEOUL CITY, KS","37.567","126.967","87.0","2024-09-15","0.00","80",,
"KSM00047108","SEOUL CITY, KS","37.567","126.967","87.0","2024-09-16",,"82",,"70"
"KSM00047108","SEOUL CITY, KS","37.567","126.967","87.0","2024-09-17",,"84",,"78"
"KSM00047108","SEOUL CITY, KS","37.567","126.967","87.0","2024-09-18",,"85",,
"KSM00047108","SEOUL CITY, KS","37.567","126.967","87.0","2024-09-19",,"84",,
"KSM00047108","SEOUL CITY, KS","37.567","126.967","87.0","2024-09-20",,"72",,
"KSM00047108","SEOUL CITY, KS","37.567","126.967","87.0","2024-09-21",,"67",,"63"
"KSM00047108","SEOUL CITY, KS","37.567","126.967","87.0","2024-09-22",,"70",,
"KSM00047108","SEOUL CITY, KS","37.567","126.967","87.0","2024-09-23",,"69",,
"KSM00047108","SEOUL CITY, KS","37.567","126.967","87.0","2024-09-24",,"71",,"60"
"KSM00047108","SEOUL CITY, KS","37.567","126.967","87.0","2024-09-25",,"75","81","65"
"KSM00047108","SEOUL CITY, KS","37.567","126.967","87.0","2024-09-26",,"74",,
"KSM00047108","SEOUL CITY, KS","37.567","126.967","87.0","2024-09-27",,"73",,"66"
"KSM00047108","SEOUL CITY, KS","37.567","126.967","87.0","2024-09-28",,"74",,"67"
"KSM00047108","SEOUL CITY, KS","37.567","126.967","87.0","2024-09-29",,"74",,
"KSM00047108","SEOUL CITY, KS","37.567","126.967","87.0","2024-09-30",,"74","83","65"
"KSM00047108","SEOUL CITY, KS","37.567","126.967","87.0","2024-10-01",,"60",,
"KSM00047108","SEOUL CITY, KS","37.567","126.967","87.0","2024-10-02",,"58",,
"KSM00047108","SEOUL CITY, KS","37.567","126.967","87.0","2024-10-03",,"62",,"51"
"KSM00047108","SEOUL CITY, KS","37.567","126.967","87.0","2024-10-04",,"64",,
"KSM00047108","SEOUL CITY, KS","37.567","126.967","87.0","2024-10-05",,"64",,"53"
"KSM00047108","SEOUL CITY, KS","37.567","126.967","87.0","2024-10-06",,"60",,"54"
"KSM00047108","SEOUL CITY, KS","37.567","126.967","87.0","2024-10-07",,"62",,
"KSM00047108","SEOUL CITY, KS","37.567","126.967","87.0","2024-10-08",,"64",,"55"
"KSM00047108","SEOUL CITY, KS","37.567","126.967","87.0","2024-10-09",,"67",,"57"
"KSM00047108","SEOUL CITY, KS","37.567","126.967","87.0","2024-10-10",,"65",,
"KSM00047108","SEOUL CITY, KS","37.567","126.967","87.0","2024-10-11",,"65",,
"KSM00047108","SEOUL CITY, KS","37.567","126.967","87.0","2024-10-12",,"65",,
"KSM00047108","SEOUL CITY, KS","37.567","126.967","87.0","2024-10-13",,"67",,"55"
"KSM00047108","SEOUL CITY, KS","37.567","126.967","87.0","2024-10-14",,"67",,"64"
"KSM00047108","SEOUL CITY, KS","37.567","126.967","87.0","2024-10-15",,"65",,
"KSM00047108","SEOUL CITY, KS","37.567","126.967","87.0","2024-10-16",,"64","76",
"KSM00047108","SEOUL CITY, KS","37.567","126.967","87.0","2024-10-17",,"68",,"57"
"KSM00047108","SEOUL CITY, KS","37.567","126.967","87.0","2024-10-18",,"62",,
"KSM00047108","SEOUL CITY, KS","37.567","126.967","87.0","2024-10-19",,"59",,
"KSM00047108","SEOUL CITY, KS","37.567","126.967","87.0","2024-10-20",,"56",,
"KSM00047108","SEOUL CITY, KS","37.567","126.967","87.0","2024-10-21",,"61",,"49"
"KSM00047108","SEOUL CITY, KS","37.567","126.967","87.0","2024-10-22",,"58",,
"KSM00047108","SEOUL CITY, KS","37.567","126.967","87.0","2024-10-23",,"52",,
"KSM00047108","SEOUL CITY, KS","37.567","126.967","87.0","2024-10-24",,"55","65","45"
"KSM00047108","SEOUL CITY, KS","37.567","126.967","87.0","2024-10-25",,"60",,"48"
"KSM00047108","SEOUL CITY, KS","37.567","126.967","87.0","2024-10-26",,"65",,"51"
"KSM00047108","SEOUL CITY, KS","37.567","126.967","87.0","2024-10-27",,"60",,
"KSM00047108","SEOUL CITY, KS","37.567","126.967","87.0","2024-10-28",,"61",,"54"
"KSM00047108","SEOUL CITY, KS","37.567","126.967","87.0","2024-10-29",,"58",,
"KSM00047108","SEOUL CITY, KS","37.567","126.967","87.0","2024-10-30",,"60",,
"KSM00047108","SEOUL CITY, KS","37.567","126.967","87.0","2024-10-31",,"62","73","52"
"KSM00047108","SEOUL CITY, KS","37.567","126.967","87.0","2024-11-01",,"60",,"55"
"KSM00047108","SEOUL CITY, KS","37.567","126.967","87.0","2024-11-02",,"65",,"55"
"KSM00047108","SEOUL CITY, KS","37.567","126.967","87.0","2024-11-03",,"66",,"55"
"KSM00047108","SEOUL CITY, KS","37.567","126.967","87.0","2024-11-04",,"54",,
"KSM00047108","SEOUL CITY, KS","37.567","126.967","87.0","2024-11-05",,"47",,
"KSM00047108","SEOUL CITY, KS","37.567","126.967","87.0","2024-11-06",,"44",,
"KSM00047108","SEOUL CITY, KS","37.567","126.967","87.0","2024-11-07",,"47",,"35"
"KSM00047108","SEOUL CITY, KS","37.567","126.967","87.0","2024-11-08",,"52",,"38"
"KSM00047108","SEOUL CITY, KS","37.567","126.967","87.0","2024-11-09",,"57",,"44"
"KSM00047108","SEOUL CITY, KS","37.567","126.967","87.0","2024-11-10",,"58",,
"KSM00047108","SEOUL CITY, KS","37.567","126.967","87.0","2024-11-11",,"60",,"49"
"KSM00047108","SEOUL CITY, KS","37.567","126.967","87.0","2024-11-12",,"56",,
"KSM00047108","SEOUL CITY, KS","37.567","126.967","87.0","2024-11-13",,"60",,"47"
"KSM00047108","SEOUL CITY, KS","37.567","126.967","87.0","2024-11-14",,"59",,"56"
"KSM00047108","SEOUL CITY, KS","37.567","126.967","87.0","2024-11-15",,"63",,"57"
"KSM00047108","SEOUL CITY, KS","37.567","126.967","87.0","2024-11-16",,"59","73",
"KSM00047108","SEOUL CITY, KS","37.567","126.967","87.0","2024-11-17",,"41",,
"KSM00047108","SEOUL CITY, KS","37.567","126.967","87.0","2024-11-22",,"42",,
"KSM00047108","SEOUL CITY, KS","37.567","126.967","87.0","2024-11-23",,"44",,"35"
"KSM00047108","SEOUL CITY, KS","37.567","126.967","87.0","2024-11-24",,"46",,"37"
"KSM00047108","SEOUL CITY, KS","37.567","126.967","87.0","2024-11-25",,"53",,"38"
"KSM00047108","SEOUL CITY, KS","37.567","126.967","87.0","2024-11-26",,"38",,
"KSM00047108","SEOUL CITY, KS","37.567","126.967","87.0","2024-11-27",,"32",,"30"
"KSM00047108","SEOUL CITY, KS","37.567","126.967","87.0","2024-11-28",,"32",,
"KSM00047108","SEOUL CITY, KS","37.567","126.967","87.0","2024-11-29",,"34",,"26"
"KSM00047108","SEOUL CITY, KS","37.567","126.967","87.0","2024-11-30",,"38",,"31"
"KSM00047108","SEOUL CITY, KS","37.567","126.967","87.0","2024-12-02",,"40",,
"KSM00047108","SEOUL CITY, KS","37.567","126.967","87.0","2024-12-03",,"36",,"28"
"KSM00047108","SEOUL CITY, KS","37.567","126.967","87.0","2024-12-04",,"37",,"31"
"KSM00047108","SEOUL CITY, KS","37.567","126.967","87.0","2024-12-05",,"39",,"32"
"KSM00047108","SEOUL CITY, KS","37.567","126.967","87.0","2024-12-06",,"34",,
"KSM00047108","SEOUL CITY, KS","37.567","126.967","87.0","2024-12-07",,"32","40",
"KSM00047108","SEOUL CITY, KS","37.567","126.967","87.0","2024-12-08",,"31",,"25"
"KSM00047108","SEOUL CITY, KS","37.567","126.967","87.0","2024-12-09",,"35",,"25"
"KSM00047108","SEOUL CITY, KS","37.567","126.967","87.0","2024-12-10",,"38",,"29"
"KSM00047108","SEOUL CITY, KS","37.567","126.967","87.0","2024-12-11",,"36",,
"KSM00047108","SEOUL CITY, KS","37.567","126.967","87.0","2024-12-12",,"34",,"26"
"KSM00047108","SEOUL CITY, KS","37.567","126.967","87.0","2024-12-13",,"33",,
"KSM00047108","SEOUL CITY, KS","37.567","126.967","87.0","2024-12-14",,"32",,"26"
"KSM00047108","SEOUL CITY, KS","37.567","126.967","87.0","2024-12-15",,"33",,
"KSM00047108","SEOUL CITY, KS","37.567","126.967","87.0","2024-12-16",,"32",,"26"
"KSM00047108","SEOUL CITY, KS","37.567","126.967","87.0","2024-12-17",,"29",,
"KSM00047108","SEOUL CITY, KS","37.567","126.967","87.0","2024-12-18",,"25",,
"KSM00047108","SEOUL CITY, KS","37.567","126.967","87.0","2024-12-19",,"32",,"20"
"KSM00047108","SEOUL CITY, KS","37.567","126.967","87.0","2024-12-20",,"36",,"28"
"KSM00047108","SEOUL CITY, KS","37.567","126.967","87.0","2024-12-21",,"27",,
"KSM00047108","SEOUL CITY, KS","37.567","126.967","87.0","2024-12-22",,"27",,"18"
"KSM00047108","SEOUL CITY, KS","37.567","126.967","87.0","2024-12-23",,"33",,"23"
"KSM00047108","SEOUL CITY, KS","37.567","126.967","87.0","2024-12-24",,"33",,"24"
"KSM00047108","SEOUL CITY, KS","37.567","126.967","87.0","2024-12-25",,"39",,"30"
"KSM00047108","SEOUL CITY, KS","37.567","126.967","87.0","2024-12-26",,"28",,
"KSM00047108","SEOUL CITY, KS","37.567","126.967","87.0","2024-12-27",,"27",,
"KSM00047108","SEOUL CITY, KS","37.567","126.967","87.0","2024-12-28",,"28",,"20"
"KSM00047108","SEOUL CITY, KS","37.567","126.967","87.0","2024-12-29",,"37",,"24"
"KSM00047108","SEOUL CITY, KS","37.567","126.967","87.0","2024-12-30",,"41",,
"KSM00047108","SEOUL CITY, KS","37.567","126.967","87.0","2024-12-31",,"32",,
"KSM00047108","SEOUL CITY, KS","37.567","126.967","87.0","2025-01-01",,"36",,
"KSM00047108","SEOUL CITY, KS","37.567","126.967","87.0","2025-01-02",,"32",,
"KSM00047108","SEOUL CITY, KS","37.567","126.967","87.0","2025-01-03",,"30",,
"KSM00047108","SEOUL CITY, KS","37.567","126.967","87.0","2025-01-04","0.01","34",,"22"
"KSM00047108","SEOUL CITY, KS","37.567","126.967","87.0","2025-01-05","0.37","35",,"31"
"KSM00047108","SEOUL CITY, KS","37.567","126.967","87.0","2025-01-06","0.07","30",,
"KSM00047108","SEOUL CITY, KS","37.567","126.967","87.0","2025-01-07","0.00","27",,"22"
"KSM00047108","SEOUL CITY, KS","37.567","126.967","87.0","2025-01-08",,"24",,
"KSM00047108","SEOUL CITY, KS","37.567","126.967","87.0","2025-01-09",,"13",,
"KSM00047108","SEOUL CITY, KS","37.567","126.967","87.0","2025-01-10",,"21",,"10"
"KSM00047108","SEOUL CITY, KS","37.567","126.967","87.0","2025-01-11",,"23",,"15"
"KSM00047108","SEOUL CITY, KS","37.567","126.967","87.0","2025-01-12",,"27",,"17"
"KSM00047108","SEOUL CITY, KS","37.567","126.967","87.0","2025-01-13",,"35",,"22"
"KSM00047108","SEOUL CITY, KS","37.567","126.967","87.0","2025-01-14",,"33",,
"KSM00047108","SEOUL CITY, KS","37.567","126.967","87.0","2025-01-15",,"26",,"22"
"KSM00047108","SEOUL CITY, KS","37.567","126.967","87.0","2025-01-16",,"31","37","23"
"KSM00047108","SEOUL CITY, KS","37.567","126.967","87.0","2025-01-17",,"32",,"23"
"KSM00047108","SEOUL CITY, KS","37.567","126.967","87.0","2025-01-18",,"35",,"25"
"KSM00047108","SEOUL CITY, KS","37.567","126.967","87.0","2025-01-19",,"40",,"30"
"KSM00047108","SEOUL CITY, KS","37.567","126.967","87.0","2025-01-20",,"37",,
"KSM00047108","SEOUL CITY, KS","37.567","126.967","87.0","2025-01-21",,"38",,"30"
"KSM00047108","SEOUL CITY, KS","37.567","126.967","87.0","2025-01-22",,"37",,
"KSM00047108","SEOUL CITY, KS","37.567","126.967","87.0","2025-01-23",,"35","46",
"KSM00047108","SEOUL CITY, KS","37.567","126.967","87.0","2025-01-24",,"40",,"27"
"KSM00047108","SEOUL CITY, KS","37.567","126.967","87.0","2025-01-25",,"42",,"34"
"KSM00047108","SEOUL CITY, KS","37.567","126.967","87.0","2025-01-26",,"40",,
"KSM00047108","SEOUL CITY, KS","37.567","126.967","87.0","2025-01-27",,"29",,
"KSM00047108","SEOUL CITY, KS","37.567","126.967","87.0","2025-01-28",,"24",,
"KSM00047108","SEOUL CITY, KS","37.567","126.967","87.0","2025-01-29",,"23",,
"KSM00047108","SEOUL CITY, KS","37.567","126.967","87.0","2025-01-30",,"28",,"18"
"KSM00047108","SEOUL CITY, KS","37.567","126.967","87.0","2025-01-31",,"31",,"27"
"KSM00047108","SEOUL CITY, KS","37.567","126.967","87.0","2025-02-01",,"35",,
"KSM00047108","SEOUL CITY, KS","37.567","126.967","87.0","2025-02-02",,"35",,
"KSM00047108","SEOUL CITY, KS","37.567","126.967","87.0","2025-02-03",,"20",,
"KSM00047108","SEOUL CITY, KS","37.567","126.967","87.0","2025-02-04",,"15",,
"KSM00047108","SEOUL CITY, KS","37.567","126.967","87.0","2025-02-05",,"17",,"11"
"KSM00047108","SEOUL CITY, KS","37.567","126.967","87.0","2025-02-06",,"24",,"11"
"KSM00047108","SEOUL CITY, KS","37.567","126.967","87.0","2025-02-07",,"15",,
"KSM00047108","SEOUL CITY, KS","37.567","126.967","87.0","2025-02-08",,"19",,"11"
"KSM00047108","SEOUL CITY, KS","37.567","126.967","87.0","2025-02-09",,"25",,"15"
"KSM00047108","SEOUL CITY, KS","37.567","126.967","87.0","2025-02-10",,"29",,"18"
"KSM00047108","SEOUL CITY, KS","37.567","126.967","87.0","2025-02-11",,"36",,"22"
"KSM00047108","SEOUL CITY, KS","37.567","126.967","87.0","2025-02-12",,"30",,
"KSM00047108","SEOUL CITY, KS","37.567","126.967","87.0","2025-02-13",,"35",,"22"
"KSM00047108","SEOUL CITY, KS","37.567","126.967","87.0","2025-02-14",,"40",,"29"
"KSM00047108","SEOUL CITY, KS","37.567","126.967","87.0","2025-02-15",,"40",,"33"
"KSM00047108","SEOUL CITY, KS","37.567","126.967","87.0","2025-02-16",,"38",,
"KSM00047108","SEOUL CITY, KS","37.567","126.967","87.0","2025-02-17",,"30",,
"KSM00047108","SEOUL CITY, KS","37.567","126.967","87.0","2025-02-18",,"27",,
"KSM00047108","SEOUL CITY, KS","37.567","126.967","87.0","2025-02-19",,"26",,
"KSM00047108","SEOUL CITY, KS","37.567","126.967","87.0","2025-02-20",,"28",,"20"
"KSM00047108","SEOUL CITY, KS","37.567","126.967","87.0","2025-02-21",,"28",,"20"
"KSM00047108","SEOUL CITY, KS","37.567","126.967","87.0","2025-02-22",,"27",,
"KSM00047108","SEOUL CITY, KS","37.567","126.967","87.0","2025-02-23",,"26",,"20"
"KSM00047108","SEOUL CITY, KS","37.567","126.967","87.0","2025-02-24",,"32",,"21"
"KSM00047108","SEOUL CITY, KS","37.567","126.967","87.0","2025-02-25",,"38",,"26"
"KSM00047108","SEOUL CITY, KS","37.567","126.967","87.0","2025-02-26",,"37",,
"KSM00047108","SEOUL CITY, KS","37.567","126.967","87.0","2025-02-27",,"45",,"28"
"KSM00047108","SEOUL CITY, KS","37.567","126.967","87.0","2025-02-28",,"48",,
"KSM00047108","SEOUL CITY, KS","37.567","126.967","87.0","2025-03-01",,"50",,"38"
"KSM00047108","SEOUL CITY, KS","37.567","126.967","87.0","2025-03-02",,"43",,
"KSM00047108","SEOUL CITY, KS","37.567","126.967","87.0","2025-03-03",,"38",,"34"
"KSM00047108","SEOUL CITY, KS","37.567","126.967","87.0","2025-03-04",,"37",,
"KSM00047108","SEOUL CITY, KS","37.567","126.967","87.0","2025-03-05",,"40",,
"KSM00047108","SEOUL CITY, KS","37.567","126.967","87.0","2025-03-06",,"41",,"31"
"KSM00047108","SEOUL CITY, KS","37.567","126.967","87.0","2025-03-07",,"43",,"32"
"KSM00047108","SEOUL CITY, KS","37.567","126.967","87.0","2025-03-08",,"42",,
"KSM00047108","SEOUL CITY, KS","37.567","126.967","87.0","2025-03-09",,"45",,"34"
"KSM00047108","SEOUL CITY, KS","37.567","126.967","87.0","2025-03-10",,"47",,"36"
"KSM00047108","SEOUL CITY, KS","37.567","126.967","87.0","2025-03-11",,"51",,"37"
"KSM00047108","SEOUL CITY, KS","37.567","126.967","87.0","2025-03-12",,"46",,
"KSM00047108","SEOUL CITY, KS","37.567","126.967","87.0","2025-03-13",,"49",,"38"
"KSM00047108","SEOUL CITY, KS","37.567","126.967","87.0","2025-03-14",,"57",,"41"
"KSM00047108","SEOUL CITY, KS","37.567","126.967","87.0","2025-03-15",,"53",,
"KSM00047108","SEOUL CITY, KS","37.567","126.967","87.0","2025-03-16",,"36",,
"KSM00047108","SEOUL CITY, KS","37.567","126.967","87.0","2025-03-17",,"37",,"30"
"KSM00047108","SEOUL CITY, KS","37.567","126.967","87.0","2025-03-18",,"35",,
"KSM00047108","SEOUL CITY, KS","37.567","126.967","87.0","2025-03-19",,"39",,"29"
"KSM00047108","SEOUL CITY, KS","37.567","126.967","87.0","2025-03-20",,"49",,"36"
"KSM00047108","SEOUL CITY, KS","37.567","126.967","87.0","2025-03-21",,"53",,
"KSM00047108","SEOUL CITY, KS","37.567","126.967","87.0","2025-03-22",,"56",,"43"
"KSM00047108","SEOUL CITY, KS","37.567","126.967","87.0","2025-03-23",,"62",,"45"
"KSM00047108","SEOUL CITY, KS","37.567","126.967","87.0","2025-03-24",,"58",,
"KSM00047108","SEOUL CITY, KS","37.567","126.967","87.0","2025-03-25",,"53",,
"KSM00047108","SEOUL CITY, KS","37.567","126.967","87.0","2025-03-26",,"65",,"43"
"KSM00047108","SEOUL CITY, KS","37.567","126.967","87.0","2025-03-27",,"53",,
"KSM00047108","SEOUL CITY, KS","37.567","126.967","87.0","2025-03-28",,"41",,
"KSM00047108","SEOUL CITY, KS","37.567","126.967","87.0","2025-03-29",,"37",,
"KSM00047108","SEOUL CITY, KS","37.567","126.967","87.0","2025-03-30",,"40",,"29"
"KSM00047108","SEOUL CITY, KS","37.567","126.967","87.0","2025-03-31",,"47",,"34"
"KSM00047108","SEOUL CITY, KS","37.567","126.967","87.0","2025-04-01",,"51",,"39"
"KSM00047108","SEOUL CITY, KS","37.567","126.967","87.0","2025-04-02",,"47",,
"KSM00047108","SEOUL CITY, KS","37.567","126.967","87.0","2025-04-03",,"50",,"38"
"KSM00047108","SEOUL CITY, KS","37.567","126.967","87.0","2025-04-04",,"52",,"43"
"KSM00047108","SEOUL CITY, KS","37.567","126.967","87.0","2025-04-05",,"46",,
"KSM00047108","SEOUL CITY, KS","37.567","126.967","87.0","2025-04-06",,"50",,
"KSM00047108","SEOUL CITY, KS","37.567","126.967","87.0","2025-04-07",,"59",,"42"
"KSM00047108","SEOUL CITY, KS","37.567","126.967","87.0","2025-04-08",,"56",,
"KSM00047108","SEOUL CITY, KS","37.567","126.967","87.0","2025-04-09",,"55",,"47"
"KSM00047108","SEOUL CITY, KS","37.567","126.967","87.0","2025-04-10",,"55",,
"KSM00047108","SEOUL CITY, KS","37.567","126.967","87.0","2025-04-11",,"63",,"47"
"KSM00047108","SEOUL CITY, KS","37.567","126.967","87.0","2025-04-12",,"50",,
"KSM00047108","SEOUL CITY, KS","37.567","126.967","87.0","2025-04-13",,"42",,"34"
"KSM00047108","SEOUL CITY, KS","37.567","126.967","87.0","2025-04-14",,"40",,
"KSM00047108","SEOUL CITY, KS","37.567","126.967","87.0","2025-04-15",,"49",,"36"
"KSM00047108","SEOUL CITY, KS","37.567","126.967","87.0","2025-04-16",,"63",,"44"
"KSM00047108","SEOUL CITY, KS","37.567","126.967","87.0","2025-04-17",,"68",,"60"
"KSM00047108","SEOUL CITY, KS","37.567","126.967","87.0","2025-04-18",,"65",,"60"
"KSM00047108","SEOUL CITY, KS","37.567","126.967","87.0","2025-04-19",,"57",,
"KSM00047108","SEOUL CITY, KS","37.567","126.967","87.0","2025-04-20",,"65",,"49"
"KSM00047108","SEOUL CITY, KS","37.567","126.967","87.0","2025-04-21",,"71",,"58"
"KSM00047108","SEOUL CITY, KS","37.567","126.967","87.0","2025-04-22",,"60",,
"KSM00047108","SEOUL CITY, KS","37.567","126.967","87.0","2025-04-23",,"62",,"52"
"KSM00047108","SEOUL CITY, KS","37.567","126.967","87.0","2025-04-24",,"56",,
"KSM00047108","SEOUL CITY, KS","37.567","126.967","87.0","2025-04-25",,"54",,
"KSM00047108","SEOUL CITY, KS","37.567","126.967","87.0","2025-04-26",,"58",,"45"
"KSM00047108","SEOUL CITY, KS","37.567","126.967","87.0","2025-04-27",,"59",,
"KSM00047108","SEOUL CITY, KS","37.567","126.967","87.0","2025-04-28",,"59",,
"KSM00047108","SEOUL CITY, KS","37.567","126.967","87.0","2025-04-29",,"59",,"47"
"KSM00047108","SEOUL CITY, KS","37.567","126.967","87.0","2025-04-30",,"68",,"50"
"KSM00047108","SEOUL CITY, KS","37.567","126.967","87.0","2025-05-01",,"54",,
"KSM00047108","SEOUL CITY, KS","37.567","126.967","87.0","2025-05-02",,"57",,"47"
"KSM00047108","SEOUL CITY, KS","37.567","126.967","87.0","2025-05-03",,"51",,
"KSM00047108","SEOUL CITY, KS","37.567","126.967","87.0","2025-05-04",,"57",,"47"
"KSM00047108","SEOUL CITY, KS","37.567","126.967","87.0","2025-05-05",,"54",,
"KSM00047108","SEOUL CITY, KS","37.567","126.967","87.0","2025-05-06",,"58",,"47"
"KSM00047108","SEOUL CITY, KS","37.567","126.967","87.0","2025-05-07",,"59",,
"KSM00047108","SEOUL CITY, KS","37.567","126.967","87.0","2025-05-08",,"67",,"49"
"KSM00047108","SEOUL CITY, KS","37.567","126.967","87.0","2025-05-09",,"58",,
"KSM00047108","SEOUL CITY, KS","37.567","126.967","87.0","2025-05-10",,"53",,
"KSM00047108","SEOUL CITY, KS","37.567","126.967","87.0","2025-05-11",,"58",,
"KSM00047108","SEOUL CITY, KS","37.567","126.967","87.0","2025-05-12",,"65",,"50"
"KSM00047108","SEOUL CITY, KS","37.567","126.967","87.0","2025-05-13",,"68",,"56"
"KSM00047108","SEOUL CITY, KS","37.567","126.967","87.0","2025-05-14",,"72",,"57"
"KSM00047108","SEOUL CITY, KS","37.567","126.967","87.0","2025-05-15",,"67",,"62"
"KSM00047108","SEOUL CITY, KS","37.567","126.967","87.0","2025-05-16",,"66",,
"KSM00047108","SEOUL CITY, KS","37.567","126.967","87.0","2025-05-17",,"62",,
"KSM00047108","SEOUL CITY, KS","37.567","126.967","87.0","2025-05-18",,"60",,
"KSM00047108","SEOUL CITY, KS","37.567","126.967","87.0","2025-05-19",,"64",,"51"
"KSM00047108","SEOUL CITY, KS","37.567","126.967","87.0","2025-05-20",,"75",,"63"
"KSM00047108","SEOUL CITY, KS","37.567","126.967","87.0","2025-05-21",,"77",,
"KSM00047108","SEOUL CITY, KS","37.567","126.967","87.0","2025-05-22",,"74",,
"KSM00047108","SEOUL CITY, KS","37.567","126.967","87.0","2025-05-23",,"64",,
"KSM00047108","SEOUL CITY, KS","37.567","126.967","87.0","2025-05-24",,"60",,
"KSM00047108","SEOUL CITY, KS","37.567","126.967","87.0","2025-05-25",,"64",,"53"
"KSM00047108","SEOUL CITY, KS","37.567","126.967","87.0","2025-05-26",,"68","79","55"
"KSM00047108","SEOUL CITY, KS","37.567","126.967","87.0","2025-05-27",,"70","81","58"
"KSM00047108","SEOUL CITY, KS","37.567","126.967","87.0","2025-05-28",,"69",,
"KSM00047108","SEOUL CITY, KS","37.567","126.967","87.0","2025-05-29",,"71",,"60"
"KSM00047108","SEOUL CITY, KS","37.567","126.967","87.0","2025-05-30",,"72",,
"KSM00047108","SEOUL CITY, KS","37.567","126.967","87.0","2025-05-31",,"71",,"62"
"KSM00047108","SEOUL CITY, KS","37.567","126.967","87.0","2025-06-01",,"74",,"63"
"KSM00047108","SEOUL CITY, KS","37.567","126.967","87.0","2025-06-02",,"70",,
"KSM00047108","SEOUL CITY, KS","37.567","126.967","87.0","2025-06-03",,"68",,
"KSM00047108","SEOUL CITY, KS","37.567","126.967","87.0","2025-06-04",,"69",,"59"
"KSM00047108","SEOUL CITY, KS","37.567","126.967","87.0","2025-06-05",,"72",,"60"
"KSM00047108","SEOUL CITY, KS","37.567","126.967","87.0","2025-06-06",,"76",,"64"
"KSM00047108","SEOUL CITY, KS","37.567","126.967","87.0","2025-06-07",,"75",,"68"
"KSM00047108","SEOUL CITY, KS","37.567","126.967","87.0","2025-06-08",,"78",,
"KSM00047108","SEOUL CITY, KS","37.567","126.967","87.0","2025-06-09",,"74",,
"KSM00047108","SEOUL CITY, KS","37.567","126.967","87.0","2025-06-10",,"69",,
"KSM00047108","SEOUL CITY, KS","37.567","126.967","87.0","2025-06-11",,"74",,"61"
"KSM00047108","SEOUL CITY, KS","37.567","126.967","87.0","2025-06-12",,"80",,
"KSM00047108","SEOUL CITY, KS","37.567","126.967","87.0","2025-06-13",,"74","85",
"KSM00047108","SEOUL CITY, KS","37.567","126.967","87.0","2025-06-14",,"79",,"69"
"KSM00047108","SEOUL CITY, KS","37.567","126.967","87.0","2025-06-15",,"79",,"71"
"KSM00047108","SEOUL CITY, KS","37.567","126.967","87.0","2025-06-16",,"73",,
"KSM00047108","SEOUL CITY, KS","37.567","126.967","87.0","2025-06-17",,"77",,"70"
"KSM00047108","SEOUL CITY, KS","37.567","126.967","87.0","2025-06-18",,"78",,
"KSM00047108","SEOUL CITY, KS","37.567","126.967","87.0","2025-06-19",,"84",,"70"
"KSM00047108","SEOUL CITY, KS","37.567","126.967","87.0","2025-06-20",,"73",,
"KSM00047108","SEOUL CITY, KS","37.567","126.967","87.0","2025-06-21",,"71",,
"KSM00047108","SEOUL CITY, KS","37.567","126.967","87.0","2025-06-22",,"75",,"65"
"KSM00047108","SEOUL CITY, KS","37.567","126.967","87.0","2025-06-23",,"81",,"67"
"KSM00047108","SEOUL CITY, KS","37.567","126.967","87.0","2025-06-24",,"75",,
"KSM00047108","SEOUL CITY, KS","37.567","126.967","87.0","2025-06-25",,"70",,"67"
"KSM00047108","SEOUL CITY, KS","37.567","126.967","87.0","2025-06-26",,"72",,"68"
"KSM00047108","SEOUL CITY, KS","37.567","126.967","87.0","2025-06-27",,"79",,"70"
"KSM00047108","SEOUL CITY, KS","37.567","126.967","87.0","2025-06-28",,"79",,"76"
"KSM00047108","SEOUL CITY, KS","37.567","126.967","87.0","2025-06-29",,"81","86","77"
"KSM00047108","SEOUL CITY, KS","37.567","126.967","87.0","2025-06-30",,"83",,"78"
"KSM00047108","SEOUL CITY, KS","37.567","126.967","87.0","2025-07-01",,"84",,"79"
"KSM00047108","SEOUL CITY, KS","37.567","126.967","87.0","2025-07-02",,"83",,"80"
"KSM00047108","SEOUL CITY, KS","37.567","126.967","87.0","2025-07-03",,"82",,
"KSM00047108","SEOUL CITY, KS","37.567","126.967","87.0","2025-07-04",,"81",,"78"
"KSM00047108","SEOUL CITY, KS","37.567","126.967","87.0","2025-07-05",,"83",,"79"
"KSM00047108","SEOUL CITY, KS","37.567","126.967","87.0","2025-07-06",,"85",,"79"
"KSM00047108","SEOUL CITY, KS","37.567","126.967","87.0","2025-07-07",,"85",,"80"
"KSM00047108","SEOUL CITY, KS","37.567","126.967","87.0","2025-07-08",,"88",,"80"
"KSM00047108","SEOUL CITY, KS","37.567","126.967","87.0","2025-07-09",,"89",,
"KSM00047108","SEOUL CITY, KS","37.567","126.967","87.0","2025-07-10",,"87",,
"KSM00047108","SEOUL CITY, KS","37.567","126.967","87.0","2025-07-11",,"86",,
"KSM00047108","SEOUL CITY, KS","37.567","126.967","87.0","2025-07-12",,"87",,"76"
"KSM00047108","SEOUL CITY, KS","37.567","126.967","87.0","2025-07-13",,"81",,
"KSM00047108","SEOUL CITY, KS","37.567","126.967","87.0","2025-07-14",,"73",,
"KSM00047108","SEOUL CITY, KS","37.567","126.967","87.0","2025-07-15",,"76",,"71"
"KSM00047108","SEOUL CITY, KS","37.567","126.967","87.0","2025-07-16",,"73",,
"KSM00047108","SEOUL CITY, KS","37.567","126.967","87.0","2025-07-17",,"74",,
"KSM00047108","SEOUL CITY, KS","37.567","126.967","87.0","2025-07-18",,"76",,
"KSM00047108","SEOUL CITY, KS","37.567","126.967","87.0","2025-07-19",,"77",,"71"
"KSM00047108","SEOUL CITY, KS","37.567","126.967","87.0","2025-07-20",,"82",,"77"
"KSM00047108","SEOUL CITY, KS","37.567","126.967","87.0","2025-07-21",,"83",,"78"
"KSM00047108","SEOUL CITY, KS","37.567","126.967","87.0","2025-07-22",,"83",,
"KSM00047108","SEOUL CITY, KS","37.567","126.967","87.0","2025-07-23",,"84",,"78"
"KSM00047108","SEOUL CITY, KS","37.567","126.967","87.0","2025-07-24",,"86",,
"KSM00047108","SEOUL CITY, KS","37.567","126.967","87.0","2025-07-25",,"89",,"78"
"KSM00047108","SEOUL CITY, KS","37.567","126.967","87.0","2025-07-26",,"90",,"82"
"KSM00047108","SEOUL CITY, KS","37.567","126.967","87.0","2025-07-27",,"91",,"83"
"KSM00047108","SEOUL CITY, KS","37.567","126.967","87.0","2025-07-28",,"90",,
"KSM00047108","SEOUL CITY, KS","37.567","126.967","87.0","2025-07-29",,"89",,"82"
"KSM00047108","SEOUL CITY, KS","37.567","126.967","87.0","2025-07-30",,"90",,"83"
"KSM00047108","SEOUL CITY, KS","37.567","126.967","87.0","2025-07-31",,"87",,
"KSM00047108","SEOUL CITY, KS","37.567","126.967","87.0","2025-08-01",,"88",,
"KSM00047108","SEOUL CITY, KS","37.567","126.967","87.0","2025-08-02",,"88",,"81"
"KSM00047108","SEOUL CITY, KS","37.567","126.967","87.0","2025-08-03",,"82",,
"KSM00047108","SEOUL CITY, KS","37.567","126.967","87.0","2025-08-04",,"84",,"75"
"KSM00047108","SEOUL CITY, KS","37.567","126.967","87.0","2025-08-05",,"85",,"78"
"KSM00047108","SEOUL CITY, KS","37.567","126.967","87.0","2025-08-06",,"80",,
"KSM00047108","SEOUL CITY, KS","37.567","126.967","87.0","2025-08-07",,"82",,
"KSM00047108","SEOUL CITY, KS","37.567","126.967","87.0","2025-08-08",,"80",,"75"
"KSM00047108","SEOUL CITY, KS","37.567","126.967","87.0","2025-08-09",,"75",,
"KSM00047108","SEOUL CITY, KS","37.567","126.967","87.0","2025-08-10",,"83",,"70"
"KSM00047108","SEOUL CITY, KS","37.567","126.967","87.0","2025-08-11",,"80",,
"KSM00047108","SEOUL CITY, KS","37.567","126.967","87.0","2025-08-12",,"84",,"74"
"KSM00047108","SEOUL CITY, KS","37.567","126.967","87.0","2025-08-13",,"77",,
"KSM00047108","SEOUL CITY, KS","37.567","126.967","87.0","2025-08-14",,"78",,"76"
"KSM00047108","SEOUL CITY, KS","37.567","126.967","87.0","2025-08-15",,"81",,"76"
"KSM00047108","SEOUL CITY, KS","37.567","126.967","87.0","2025-08-16",,"83",,"78"
"KSM00047108","SEOUL CITY, KS","37.567","126.967","87.0","2025-08-17",,"84",,"79"
"KSM00047108","SEOUL CITY, KS","37.567","126.967","87.0","2025-08-18",,"84",,
"KSM00047108","SEOUL CITY, KS","37.567","126.967","87.0","2025-08-19",,"84",,"80"
"KSM00047108","SEOUL CITY, KS","37.567","126.967","87.0","2025-08-20",,"85",,"80"
"KSM00047108","SEOUL CITY, KS","37.567","126.967","87.0","2025-08-21",,"85","94",
"KSM00047108","SEOUL CITY, KS","37.567","126.967","87.0","2025-08-22",,"85",,"79"
"KSM00047108","SEOUL CITY, KS","37.567","126.967","87.0","2025-08-23",,"85",,
"KSM00047108","SEOUL CITY, KS","37.567","126.967","87.0","2025-08-24",,"87",,"80"
